chapter_file,chapter_index,title,line_number,raw_text,normalized_text,context_before,context_after,keyword_score,tfidf_similarity,fuzzy_similarity,final_score,matched_seed,category,decision
converted/Super Gene/chapters/293-chapter-293-panorama.md,293,Chapter 293 : Panorama,18,Super creature cloud beast killed. No beast soul gained. Eat its life essence to gain 0 to 10 super geno points. Meat inedible.,super creature cloud beast killed. no beast soul gained. eat its life essence to gain 0 to 10 super geno points. meat inedible.,,,1.0,1.0,1.0,1.0,Super Creature Cloud Beast Killed. No Beast Soul Gained. Eat Its Life Essence To Gain 0 To 10 Super Geno Points. Meat Inedible.,life_essence,likely
converted/Super Gene/chapters/339-chapter-339-aqua-reaper-beast-soul.md,339,Chapter 339 : Aqua Reaper Beast soul,40,Larva of super creature aqua reaper killed. Beast soul of super creature aqua reaper gained. Life essence available. Consume its life essence to gain 0 to 10 super geno points randomly. Meat inedible.,larva of super creature aqua reaper killed. beast soul of super creature aqua reaper gained. life essence available. consume its life essence to gain 0 to 10 super geno points randomly. meat inedible.,,,1.0,1.0,1.0,1.0,Larva of Super Creature Aqua Reaper Killed. Beast Soul of Super Creature Aqua Reaper Gained. Life Essence Available. Consume Its Life Essence to Gain 0 to 10 Super Geno Points Randomly. Meat Inedible.,life_essence,likely
converted/Super Gene/chapters/1729-chapter-1728-i-want-this-person.md,1729,Chapter 1728 - I Want This Person,44,Xenogeneic Baron hunted; xenogeneic gene found. Xenogeneic beast soul obtained.,xenogeneic baron hunted; xenogeneic gene found. xenogeneic beast soul obtained.,,,0.9500000000000001,1.0,1.0,0.985,Xenogeneic Baron Hunted; Xenogeneic Gene Found. Xenogeneic Beast Soul Obtained.,xenogeneic_gene,likely
converted/Super Gene/chapters/2159-chapter-2158-getting-beast-souls.md,2159,Chapter 2158 - Getting Beast Souls,54,Mutant Xenogeneic King hunted: Gold Demon Bug King. Xenogeneic gene found. Obtained Mutant Gold Demon Bug beast soul.,mutant xenogeneic king hunted: gold demon bug king. xenogeneic gene found. obtained mutant gold demon bug beast soul.,,,0.9500000000000001,1.0,1.0,0.985,Mutant Xenogeneic King hunted: Gold Demon Bug King. Xenogeneic gene found. Obtained Mutant Gold Demon Bug beast soul.,xenogeneic_gene,likely
converted/Super Gene/chapters/2159-chapter-2158-getting-beast-souls.md,2159,Chapter 2158 - Getting Beast Souls,68,Mutant Xenogeneic King hunted: Green Demon Bug King. Xenogeneic gene found. Obtained Mutant Green Demon Bug beast soul.,mutant xenogeneic king hunted: green demon bug king. xenogeneic gene found. obtained mutant green demon bug beast soul.,,,0.9500000000000001,1.0,1.0,0.985,Mutant Xenogeneic King hunted: Green Demon Bug King. Xenogeneic gene found. Obtained Mutant Green Demon Bug beast soul.,xenogeneic_gene,likely
converted/Super Gene/chapters/2362-chapter-2361-little-red-bird-shows-off.md,2362,Chapter 2361 - Little Red Bird Shows Off,90,Xenogeneic King hunted: Move Mountain Sea Conch. Xenogeneic gene found. Obtained beast soul.,xenogeneic king hunted: move mountain sea conch. xenogeneic gene found. obtained beast soul.,,,0.9500000000000001,1.0,1.0,0.985,Xenogeneic King hunted: Move Mountain Sea Conch. Xenogeneic gene found. Obtained beast soul.,xenogeneic_gene,likely
converted/Super Gene/chapters/2441-chapter-2440-effec.md,2441,Chapter 2440 - Effec,84,Mutant Deified Xenogeneic hunted: Blood Eye Evil God. Mutant xenogeneic gene found. Obtained Blood Eye Evil God beast soul.,mutant deified xenogeneic hunted: blood eye evil god. mutant xenogeneic gene found. obtained blood eye evil god beast soul.,,,0.9500000000000001,1.0,1.0,0.985,Mutant Deified Xenogeneic Hunted: Blood Eye Evil God. Mutant Xenogeneic Gene Found. Obtained Blood Eye Evil God Beast Soul.,xenogeneic_gene,likely
converted/Super Gene/chapters/2495-chapter-2494-let-go-of-that-peacock.md,2495,Chapter 2494 - Let Go of that Peacock,64,Xenogeneic deified hunted: Tianxia Peacock King. Xenogeneic gene found. Obtained Tianxia Peacock King beast soul.,xenogeneic deified hunted: tianxia peacock king. xenogeneic gene found. obtained tianxia peacock king beast soul.,,,0.9500000000000001,1.0,1.0,0.985,Xenogeneic deified hunted: Tianxia Peacock King. Xenogeneic gene found. Obtained Tianxia Peacock King beast soul.,xenogeneic_gene,likely
converted/Super Gene/chapters/2580-chapter-2579-claiming-another-deified-beast-soul.md,2580,Chapter 2579 - Claiming Another Deified Beast Soul,54,Core deified xenogeneic hunted: Six Core God Snake. Deified xenogeneic gene found. Obtained Six Core God Snake beast soul.,core deified xenogeneic hunted: six core god snake. deified xenogeneic gene found. obtained six core god snake beast soul.,,,0.9500000000000001,1.0,1.0,0.985,Core deified xenogeneic hunted: Six Core God Snake. Deified xenogeneic gene found. Obtained Six Core God Snake beast soul.,xenogeneic_gene,likely
converted/Super Gene/chapters/271-chapter-271-super-gene.md,271,Chapter 271 : Super Gene,58,Life essence of super creature golden growler consumed. One super Geno point gained.,life essence of super creature golden growler consumed. one super geno point gained.,,,0.9500000000000001,1.0,1.0,0.985,Life essence of super creature golden growler consumed. One super Geno point gained.,life_essence,likely
converted/Super Gene/chapters/2810-chapter-2809-beast-soul-combined.md,2810,Chapter 2809 Beast Soul Combined,44,Xenogeneic deified hunted. Sky Star Wolf: xenogeneic deified gene found. Obtained Sky Star Wolf deified beast soul.,xenogeneic deified hunted. sky star wolf: xenogeneic deified gene found. obtained sky star wolf deified beast soul.,,,0.9500000000000001,1.0,1.0,0.985,Xenogeneic Deified Hunted. Sky Star Wolf: Xenogeneic Deified Gene Found. Obtained Sky Star Wolf Deified Beast Soul.,xenogeneic_gene,likely
converted/Super Gene/chapters/2810-chapter-2809-beast-soul-combined.md,2810,Chapter 2809 Beast Soul Combined,50,Xenogeneic deified hunted. Sky Star Wolf: xenogeneic deified gene found. Obtained Sky Star Wolf deified beast soul.,xenogeneic deified hunted. sky star wolf: xenogeneic deified gene found. obtained sky star wolf deified beast soul.,,,0.9500000000000001,1.0,1.0,0.985,Xenogeneic Deified Hunted. Sky Star Wolf: Xenogeneic Deified Gene Found. Obtained Sky Star Wolf Deified Beast Soul.,xenogeneic_gene,likely
converted/Super Gene/chapters/2820-chapter-2819-cold-light-charm-s-beast-soul.md,2820,Chapter 2819 Cold Light Charm’s Beast Soul,30,Xenogeneic deified hunted. Cold Light Charm: deified xenogeneic gene found. Obtained Cold Light Charm beast soul.,xenogeneic deified hunted. cold light charm: deified xenogeneic gene found. obtained cold light charm beast soul.,,,0.9500000000000001,1.0,1.0,0.985,Xenogeneic Deified Hunted. Cold Light Charm: Deified Xenogeneic Gene Found. Obtained Cold Light Charm Beast Soul.,xenogeneic_gene,likely
converted/Super Gene/chapters/2894-chapter-2893-getting-a-deified-beast-soul-again.md,2894,Chapter 2893 - Getting a Deified Beast Soul Again,90,Xenogeneic deified hunted. Time Ghost: Deified xenogeneic gene found. Obtained Time Ghost deified beast soul.,xenogeneic deified hunted. time ghost: deified xenogeneic gene found. obtained time ghost deified beast soul.,,,0.9500000000000001,1.0,1.0,0.985,Xenogeneic deified hunted. Time Ghost: Deified xenogeneic gene found. Obtained Time Ghost deified beast soul.,xenogeneic_gene,likely
converted/Super Gene/chapters/293-chapter-293-panorama.md,293,Chapter 293 : Panorama,36,Life essence of super creature cloud beast eaten. One super geno point gained.,life essence of super creature cloud beast eaten. one super geno point gained.,,,0.9500000000000001,1.0,1.0,0.985,Life Essence Of Super Creature Cloud Beast Eaten. One Super Geno Point Gained.,life_essence,likely
converted/Super Gene/chapters/293-chapter-293-panorama.md,293,Chapter 293 : Panorama,38,Life essence of super creature cloud beast eaten. One super geno point gained.,life essence of super creature cloud beast eaten. one super geno point gained.,,,0.9500000000000001,1.0,1.0,0.985,Life Essence Of Super Creature Cloud Beast Eaten. One Super Geno Point Gained.,life_essence,likely
converted/Super Gene/chapters/339-chapter-339-aqua-reaper-beast-soul.md,339,Chapter 339 : Aqua Reaper Beast soul,66,Life essence of super creature aqua reaper consumed. No super geno point gained.,life essence of super creature aqua reaper consumed. no super geno point gained.,,,0.9500000000000001,1.0,1.0,0.985,Life Essence Of Super Creature Aqua Reaper Consumed. No Super Geno Point Gained.,life_essence,likely
converted/Super Gene/chapters/369-chapter-369-sos.md,369,Chapter 369 : SOS,40,Life essence of cursed wolf eaten. One super geno point gained.,life essence of cursed wolf eaten. one super geno point gained.,,,0.9500000000000001,1.0,1.0,0.985,Life Essence Of Cursed Wolf Eaten. One Super Geno Point Gained.,life_essence,likely
converted/Super Gene/chapters/388-chapter-387-blood-snail-beast-soul.md,388,Chapter 387 : Blood Snail Beast Soul,82,Life essence of super creature blood snail eaten. One super geno point gained.,life essence of super creature blood snail eaten. one super geno point gained.,,,0.9500000000000001,1.0,1.0,0.985,Life Essence Of Super Creature Blood Snail Eaten. One Super Geno Point Gained.,life_essence,likely
converted/Super Gene/chapters/388-chapter-387-blood-snail-beast-soul.md,388,Chapter 387 : Blood Snail Beast Soul,84,Life essence of super creature blood snail eaten. One super geno point gained.,life essence of super creature blood snail eaten. one super geno point gained.,,,0.9500000000000001,1.0,1.0,0.985,Life Essence Of Super Creature Blood Snail Eaten. One Super Geno Point Gained.,life_essence,likely
converted/Super Gene/chapters/396-chapter-395-super-meat.md,396,Chapter 395 : Super Meat,80,Life essence of golden growler consumed. One super geno point gained.,life essence of golden growler consumed. one super geno point gained.,,,0.9500000000000001,1.0,1.0,0.985,Life Essence Of Golden Growler Consumed. One Super Geno Point Gained.,life_essence,likely
converted/Super Gene/chapters/406-chapter-405-the-power-of-angel.md,406,Chapter 405 : The Power of Angel,68,Life essence of purgatory flower consumed. One super geno point gained.,life essence of purgatory flower consumed. one super geno point gained.,,,0.9500000000000001,1.0,1.0,0.985,Life Essence Of Purgatory Flower Consumed. One Super Geno Point Gained.,life_essence,likely
converted/Super Gene/chapters/418-chapter-417-a-mentally-troubled-girl.md,418,Chapter 417 : A Mentally Troubled Girl,90,Life essence of super creature crystal spirit beast consumed. One super geno point gained.,life essence of super creature crystal spirit beast consumed. one super geno point gained.,,,0.9500000000000001,1.0,1.0,0.985,Life Essence Of Super Creature Crystal Spirit Beast Consumed. One Super Geno Point Gained.,life_essence,likely
converted/Super Gene/chapters/970-chapter-969-one-in-a-ten-million-chance.md,970,Chapter 969 - One in a Ten Million Chance,80,Mutant Creature Hunted Tank Ant killed. No beast soul gained. Consume its flesh to gain zero to ten mutant geno points randomly.,mutant creature hunted tank ant killed. no beast soul gained. consume its flesh to gain zero to ten mutant geno points randomly.,,,1.0,0.9776,0.9643,0.9827,"""Mutant Creature Hunted Tank Ant Killed. No Beast Soul Gained. Consume its Flesh to Gain Zero to Ten Mutant Geno Points",beast_soul_result,likely
converted/Super Gene/chapters/725-chapter-724-big-reward.md,725,Chapter 724 : Big Reward,74,"Super Creature Hunted: Death Knell. The beast soul has been acquired. Its flesh cannot be consumed, but you may collect the Super Geno essence and obtain a random numeric amount of super geno points, ranging from zero to ten.","super creature hunted: death knell. the beast soul has been acquired. its flesh cannot be consumed, but you may collect the super geno essence and obtain a random numeric amount of super geno points, ranging from zero to ten.",,,1.0,0.925,1.0,0.9565,"Super Creature Hunted: Death Knell. The Beast Soul Has Been Acquired. Its Flesh Cannot Be Consumed, But You May Collect The Life Geno Essence And Obtain A Random Numeric Amount Of Super Geno Points, Ranging From Zero To Ten.",beast_soul_result,likely
converted/Super Gene/chapters/001-chapter-1-supergene.md,1,Chapter 1 : Supergene,22,Black beetle killed. No beast soul gained. Eat the flesh of the black beetle to gain zero to ten geno points randomly.,black beetle killed. no beast soul gained. eat the flesh of the black beetle to gain zero to ten geno points randomly.,,,0.85,1.0,1.0,0.955,Black Beetle Killed. No Beast Soul Gained. Eat The Flesh Of The Black Beetle To Gain Zero To Ten Geno Points Randomly.,beast_soul_result,likely
converted/Super Gene/chapters/006-chapter-6-armour-is-everything.md,6,Chapter 6 : Armour Is Everything,34,Primitive creature swift mantis killed. No beast soul gained. Eat the swift mantis to gain zero to ten primitive geno points randomly.,primitive creature swift mantis killed. no beast soul gained. eat the swift mantis to gain zero to ten primitive geno points randomly.,,,0.85,1.0,1.0,0.955,Primitive Creature Swift Mantis Killed. No Beast Soul Gained. Eat the Swift Mantis to Gain Zero to Ten Primitive Geno Points Randomly.,beast_soul_result,likely
converted/Super Gene/chapters/008-chapter-8-primitive-beast-soul.md,8,Chapter 8 : Primitive Beast Soul,22,Primitive creature copper-toothed beast killed. No beast soul gained. Eat the flesh of copper-toothed beast to gain zero to ten primitive geno points randomly.,primitive creature copper toothed beast killed. no beast soul gained. eat the flesh of copper toothed beast to gain zero to ten primitive geno points randomly.,,,0.85,1.0,1.0,0.955,Primitive Creature Copper-Toothed Beast Killed. No Beast Soul Gained. Eat The Flesh Of Copper-Toothed Beast To Gain Zero To Ten Primitive Geno Points Randomly.,beast_soul_result,likely
converted/Super Gene/chapters/008-chapter-8-primitive-beast-soul.md,8,Chapter 8 : Primitive Beast Soul,24,Primitive creature copper-toothed beast killed. Primitive beast soul of copper-toothed beast gained. Eat the flesh of copper-toothed beast to gain zero to ten primitive geno points randomly.,primitive creature copper toothed beast killed. primitive beast soul of copper toothed beast gained. eat the flesh of copper toothed beast to gain zero to ten primitive geno points randomly.,,,0.85,1.0,1.0,0.955,Primitive Creature Copper-Toothed Beast Killed. Primitive Beast Soul Of Copper-Toothed Beast Gained. Eat The Flesh Of Copper-Toothed Beast To Gain Zero To Ten Primitive Geno Points Randomly.,beast_soul_result,likely
converted/Super Gene/chapters/010-chapter-10-bloody-slayer.md,10,Chapter 10 : Bloody Slayer,20,Sacred-blood bloody slayer killed. Sacred-blood beast soul bloody slayer gained. Eat the flesh of bloody slayer to gain zero to ten sacred geno points randomly.,sacred blood bloody slayer killed. sacred blood beast soul bloody slayer gained. eat the flesh of bloody slayer to gain zero to ten sacred geno points randomly.,,,0.85,1.0,1.0,0.955,Sacred-Blood Bloody Slayer Killed. Sacred-Blood Beast Soul Bloody Slayer Gained. Eat the Flesh of Bloody Slayer to Gain Zero to Ten Sacred Geno Points Randomly.,beast_soul_result,likely
converted/Super Gene/chapters/015-chapter-15-selling-flesh.md,15,Chapter 15 : Selling Flesh,24,Mutant copper-toothed beast killed. No beast soul gained. Eat its flesh to gain zero to ten mutant geno points.,mutant copper toothed beast killed. no beast soul gained. eat its flesh to gain zero to ten mutant geno points.,,,0.85,1.0,1.0,0.955,Mutant Copper-Toothed Beast Killed. No Beast Soul Gained. Eat Its Flesh To Gain Zero To Ten Mutant Geno Points.,beast_soul_result,likely
converted/Super Gene/chapters/023-chapter-23-obsidian-dragon.md,23,Chapter 23 : Obsidian Dragon,38,Young obsidian dragon killed. No beast soul gained. Eat it to gain zero to ten sacred geno points randomly.,young obsidian dragon killed. no beast soul gained. eat it to gain zero to ten sacred geno points randomly.,,,0.85,1.0,1.0,0.955,Young Obsidian Dragon Killed. No Beast Soul Gained. Eat It to Gain Zero to Ten Sacred Geno Points Randomly.,beast_soul_result,likely
converted/Super Gene/chapters/052-chapter-52-purple-winged-dragon.md,52,Chapter 52 : Purple-winged Dragon,70,Sacred-blood creature purple-winged dragon killed. Sacred-blood beast soul of purple-winged dragon gained. Eat the flesh of purple-winged dragon to gain zero to ten sacred-blood geno points randomly.,sacred blood creature purple winged dragon killed. sacred blood beast soul of purple winged dragon gained. eat the flesh of purple winged dragon to gain zero to ten sacred blood geno points randomly.,,,0.85,1.0,1.0,0.955,Sacred-Blood Creature Purple-Winged Dragon Killed. Sacred-Blood Beast Soul Of Purple-Winged Dragon Gained. Eat The Flesh Of Purple-Winged Dragon To Gain Zero To Ten Sacred-Blood Geno Points Randomly.,beast_soul_result,likely
converted/Super Gene/chapters/053-chapter-53-sacred-blood-copper-toothed-beast.md,53,Chapter 53 : Sacred-blood Copper-toothed Beast,80,Sacred-blood copper-toothed beast killed. No beast soul gained. Eat its meat to gain one to ten sacred geno points randomly.,sacred blood copper toothed beast killed. no beast soul gained. eat its meat to gain one to ten sacred geno points randomly.,,,0.85,1.0,1.0,0.955,Sacred-Blood Copper-Toothed Beast Killed. No Beast Soul Gained. Eat Its Meat To Gain One To Ten Sacred Geno Points Randomly.,beast_soul_result,likely
converted/Super Gene/chapters/066-chapter-66-ghost-toothed-snake-king.md,66,Chapter 66 : Ghost-toothed Snake King,80,Mutant ghost-toothed snake king killed. No beast soul gained. Eat its meat to gain zero to ten mutant geno points randomly.,mutant ghost toothed snake king killed. no beast soul gained. eat its meat to gain zero to ten mutant geno points randomly.,,,0.85,1.0,1.0,0.955,Mutant Ghost-Toothed Snake King Killed. No Beast Soul Gained. Eat Its Meat To Gain Zero To Ten Mutant Geno Points Randomly.,beast_soul_result,likely
converted/Super Gene/chapters/067-chapter-67-mutant-sawfish.md,67,Chapter 67 : Mutant Sawfish,72,Mutant sawfish killed. No beast soul gained. Eat its meat to gain zero to ten mutant geno points randomly.,mutant sawfish killed. no beast soul gained. eat its meat to gain zero to ten mutant geno points randomly.,,,0.85,1.0,1.0,0.955,Mutant Sawfish Killed. No Beast Soul Gained. Eat Its Meat To Gain Zero To Ten Mutant Geno Points Randomly.,beast_soul_result,likely
converted/Super Gene/chapters/068-chapter-68-mutant-sawfish-spear.md,68,Chapter 68 : Mutant Sawfish Spear,32,Mutant sawfish killed. Beast soul of mutant sawfish gained. Eat its meat to gain zero to ten mutant geno points randomly.,mutant sawfish killed. beast soul of mutant sawfish gained. eat its meat to gain zero to ten mutant geno points randomly.,,,0.85,1.0,1.0,0.955,Mutant Sawfish Killed. Beast Soul Of Mutant Sawfish Gained. Eat Its Meat To Gain Zero To Ten Mutant Geno Points Randomly.,beast_soul_result,likely
converted/Super Gene/chapters/072-chapter-72-hunting-frenzy.md,72,Chapter 72 : Hunting Frenzy,26,Sacred-blood black stinger killed. No beast soul gained. Eat its meat to gain zero to ten sacred geno points randomly.,sacred blood black stinger killed. no beast soul gained. eat its meat to gain zero to ten sacred geno points randomly.,,,0.85,1.0,1.0,0.955,Sacred-Blood Black Stinger Killed. No Beast Soul Gained. Eat Its Meat To Gain Zero To Ten Sacred Geno Points Randomly.,beast_soul_result,likely
converted/Super Gene/chapters/072-chapter-72-hunting-frenzy.md,72,Chapter 72 : Hunting Frenzy,48,Mutant black stinger killed. No beast soul gained. Eat its meat to gain zero to ten mutant geno points randomly.,mutant black stinger killed. no beast soul gained. eat its meat to gain zero to ten mutant geno points randomly.,,,0.85,1.0,1.0,0.955,Mutant Black Stinger Killed. No Beast Soul Gained. Eat Its Meat To Gain Zero To Ten Mutant Geno Points Randomly.,beast_soul_result,likely
converted/Super Gene/chapters/1030-chapter-1029-striking-ghost-sword.md,1030,Chapter 1029 - Striking Ghost-Sword,44,Sacred-Blood Creature Green Falcon killed. No beast soul gained. Consume its flesh to gain zero to ten sacred geno points randomly.,sacred blood creature green falcon killed. no beast soul gained. consume its flesh to gain zero to ten sacred geno points randomly.,,,0.85,1.0,1.0,0.955,Sacred-Blood Creature Green Falcon Killed. No Beast Soul Gained. Consume Its Flesh to Gain Zero to Ten Sacred Geno Points Randomly.,beast_soul_result,likely
converted/Super Gene/chapters/1072-chapter-1071-devil-s-realm.md,1072,Chapter 1071 - Devil’s Realm,42,Sacred-Blood Creature Ghost Fang killed. No beast soul gained. Consume its flesh to gain zero to ten sacred geno points randomly.,sacred blood creature ghost fang killed. no beast soul gained. consume its flesh to gain zero to ten sacred geno points randomly.,,,0.85,1.0,1.0,0.955,Sacred-Blood Creature Ghost Fang Killed. No Beast Soul Gained. Consume Its Flesh to Gain Zero to Ten Sacred Geno Points Randomly.,beast_soul_result,likely
converted/Super Gene/chapters/110-chapter-110-escape.md,110,Chapter 110 : Escape,78,Primitive creature black lantern fish killed. No beast soul gained. Eat its meat to gain zero to ten primitive geno points randomly.,primitive creature black lantern fish killed. no beast soul gained. eat its meat to gain zero to ten primitive geno points randomly.,,,0.85,1.0,1.0,0.955,Primitive Creature Black Lantern Fish Killed. No Beast Soul Gained. Eat Its Meat To Gain Zero To Ten Primitive Geno Points Randomly.,beast_soul_result,likely
converted/Super Gene/chapters/1110-chapter-1109-devil-blood-mantis-beast-soul.md,1110,Chapter 1109 - Devil-Blood Mantis Beast Soul,40,Sacred-Blood Creature Devil-Blood Mantis killed. Beast soul gained. Consume its flesh to gain zero to ten sacred geno points randomly.,sacred blood creature devil blood mantis killed. beast soul gained. consume its flesh to gain zero to ten sacred geno points randomly.,,,0.85,1.0,1.0,0.955,Sacred-Blood Creature Devil-Blood Mantis Killed. Beast Soul Gained. Consume Its Flesh to Gain Zero to Ten Sacred Geno Points Randomly.,beast_soul_result,likely
converted/Super Gene/chapters/1152-chapter-1151-thorn-scorpion-beast-soul.md,1152,Chapter 1151 - Thorn Scorpion Beast Soul,68,Sacred-Blood Creature Thorn Scorpion killed. Beast soul gained. Consume its flesh to gain zero to ten sacred geno points randomly.,sacred blood creature thorn scorpion killed. beast soul gained. consume its flesh to gain zero to ten sacred geno points randomly.,,,0.85,1.0,1.0,0.955,Sacred-Blood Creature Thorn Scorpion Killed. Beast Soul Gained. Consume Its Flesh to Gain Zero to Ten Sacred Geno Points Randomly.,beast_soul_result,likely
converted/Super Gene/chapters/131-chapter-131-golden-rock-worm-king.md,131,Chapter 131 : Golden Rock Worm King,56,Mutant horned sand fox killed. Beast soul of mutant horned sand fox gained. Eat its meat to gain zero to ten mutant geno points randomly.,mutant horned sand fox killed. beast soul of mutant horned sand fox gained. eat its meat to gain zero to ten mutant geno points randomly.,,,0.85,1.0,1.0,0.955,Mutant Horned Sand Fox Killed. Beast Soul Of Mutant Horned Sand Fox Gained. Eat Its Meat To Gain Zero To Ten Mutant Geno Points Randomly.,beast_soul_result,likely
converted/Super Gene/chapters/132-chapter-132-another-sacred-blood-beast-soul.md,132,Chapter 132 : Another Sacred-blood Beast Soul,38,Sacred-blood golden rock worm king killed. Beast soul of golden rock worm king gained. Eat its meat to gain zero to ten sacred geno points randomly.,sacred blood golden rock worm king killed. beast soul of golden rock worm king gained. eat its meat to gain zero to ten sacred geno points randomly.,,,0.85,1.0,1.0,0.955,Sacred-Blood Golden Rock Worm King Killed. Beast Soul Of Golden Rock Worm King Gained. Eat Its Meat To Gain Zero To Ten Sacred Geno Points Randomly.,beast_soul_result,likely
converted/Super Gene/chapters/1340-chapter-1339-demigod-creature.md,1340,Chapter 1339 - Demigod Creature,98,Ordinary Creature Soil Lotus killed. No beast soul gained. Bronze Geno Core received: Dust Bug. Consume its flesh to gain zero to ten ordinary geno points randomly.,ordinary creature soil lotus killed. no beast soul gained. bronze geno core received: dust bug. consume its flesh to gain zero to ten ordinary geno points randomly.,,,0.85,1.0,1.0,0.955,Ordinary Creature Soil Lotus Killed. No Beast Soul Gained. Bronze Geno Core Received: Dust Bug. Consume Its Flesh to Gain Zero to Ten Ordinary Geno Points Randomly.,beast_soul_result,likely
converted/Super Gene/chapters/145-chapter-145-olympic-size-appetite.md,145,Chapter 145 : Olympic-size Appetite,48,Mutant phantom ant killed. No beast soul gained. Eat its meat to gain zero to ten mutant geno points randomly.,mutant phantom ant killed. no beast soul gained. eat its meat to gain zero to ten mutant geno points randomly.,,,0.85,1.0,1.0,0.955,Mutant Phantom Ant Killed. No Beast Soul Gained. Eat Its Meat To Gain Zero To Ten Mutant Geno Points Randomly.,beast_soul_result,likely
converted/Super Gene/chapters/145-chapter-145-olympic-size-appetite.md,145,Chapter 145 : Olympic-size Appetite,90,Mutant phantom ant killed. Beast soul of mutant phantom ant gained. Eat its meat to gain zero to ten mutant geno points randomly.,mutant phantom ant killed. beast soul of mutant phantom ant gained. eat its meat to gain zero to ten mutant geno points randomly.,,,0.85,1.0,1.0,0.955,Mutant Phantom Ant Killed. Beast Soul Of Mutant Phantom Ant Gained. Eat Its Meat To Gain Zero To Ten Mutant Geno Points Randomly.,beast_soul_result,likely
converted/Super Gene/chapters/148-chapter-148-super-biological-war-frame.md,148,Chapter 148 : Super Biological War-frame,16,Sacred-blood phantom ant killed. Beast soul of sacred-blood phantom ant gained. Eat its meat to gain zero to ten sacred geno points randomly.,sacred blood phantom ant killed. beast soul of sacred blood phantom ant gained. eat its meat to gain zero to ten sacred geno points randomly.,<!-- source: span.dropcap -->,,0.85,1.0,1.0,0.955,Sacred-blood Phantom Ant Killed. Beast Soul of Sacred-blood Phantom Ant Gained. Eat Its Meat to Gain Zero to Ten Sacred Geno Points Randomly.,beast_soul_result,likely
converted/Super Gene/chapters/161-chapter-161-pet-evolution.md,161,Chapter 161 : Pet Evolution,72,Primitive sand snake killed. Beast soul of primitive sand snake gained. Eat its meat to gain zero to ten geno points randomly.,primitive sand snake killed. beast soul of primitive sand snake gained. eat its meat to gain zero to ten geno points randomly.,,,0.85,1.0,1.0,0.955,Primitive Sand Snake Killed. Beast Soul of Primitive Sand Snake Gained. Eat Its Meat to Gain Zero to Ten Geno Points Randomly.,beast_soul_result,likely
converted/Super Gene/chapters/187-chapter-187-a-cave.md,187,Chapter 187 : A Cave,20,Mutant black-feathered beast killed. Beast soul of mutant black-feathered beast gained. Eat its meat to gain zero to ten primitive geno points.,mutant black feathered beast killed. beast soul of mutant black feathered beast gained. eat its meat to gain zero to ten primitive geno points.,,,0.85,1.0,1.0,0.955,Mutant Black-Feathered Beast Killed. Beast Soul Of Mutant Black-Feathered Beast Gained. Eat Its Meat To Gain Zero To Ten Primitive Geno Points.,beast_soul_result,likely
converted/Super Gene/chapters/245-chapter-245-beetle-knight.md,245,Chapter 245 : Beetle Knight,80,Sacred-blood creature magic horn killed. No beast soul gained. Eat its meat to gain 0 to 10 sacred Geno points randomly.,sacred blood creature magic horn killed. no beast soul gained. eat its meat to gain 0 to 10 sacred geno points randomly.,,,0.85,1.0,1.0,0.955,Sacred-Blood Creature Magic Horn Killed. No Beast Soul Gained. Eat Its Meat To Gain 0 To 10 Sacred Geno Points Randomly.,beast_soul_result,likely
converted/Super Gene/chapters/286-chapter-286-sacred-blood-ghost-eyed-bear.md,286,Chapter 286 : Sacred-blood Ghost-eyed Bear,86,Sacred-blood ghost-eyed bear killed. Beast soul of sacred-blood ghost-eyed bear gained. Eat its meat to gain 0 to 10 sacred geno points randomly.,sacred blood ghost eyed bear killed. beast soul of sacred blood ghost eyed bear gained. eat its meat to gain 0 to 10 sacred geno points randomly.,,,0.85,1.0,1.0,0.955,Sacred-Blood Ghost-Eyed Bear Killed. Beast Soul Of Sacred-Blood Ghost-Eyed Bear Gained. Eat Its Meat To Gain 0 To 10 Sacred Geno Points Randomly.,beast_soul_result,likely
converted/Super Gene/chapters/304-chapter-304-devil-sword.md,304,Chapter 304 : Devil Sword,38,Mutant darkness beast killed. Beast soul of mutant darkness beast gained. Eat its meat to gain 0 to 10 mutant geno points randomly.,mutant darkness beast killed. beast soul of mutant darkness beast gained. eat its meat to gain 0 to 10 mutant geno points randomly.,,,0.85,1.0,1.0,0.955,Mutant Darkness Beast Killed. Beast Soul Of Mutant Darkness Beast Gained. Eat Its Meat To Gain 0 To 10 Mutant Geno Points Randomly.,beast_soul_result,likely
converted/Super Gene/chapters/314-chapter-314-mushu.md,314,Chapter 314 : Mushu,52,Sacred-blood creature mushu killed. No beast soul gained. Eat its meat to gain 0 to 10 sacred geno points randomly.,sacred blood creature mushu killed. no beast soul gained. eat its meat to gain 0 to 10 sacred geno points randomly.,,,0.85,1.0,1.0,0.955,Sacred-Blood Creature Mushu Killed. No Beast Soul Gained. Eat Its Meat To Gain 0 To 10 Sacred Geno Points Randomly.,beast_soul_result,likely
converted/Super Gene/chapters/314-chapter-314-mushu.md,314,Chapter 314 : Mushu,54,Mutant creature swamp buffalo killed. No beast soul gained. Eat its meat to gain 0 to 10 mutant geno points randomly.,mutant creature swamp buffalo killed. no beast soul gained. eat its meat to gain 0 to 10 mutant geno points randomly.,,,0.85,1.0,1.0,0.955,Mutant Creature Swamp Buffalo Killed. No Beast Soul Gained. Eat Its Meat To Gain 0 To 10 Mutant Geno Points Randomly.,beast_soul_result,likely
converted/Super Gene/chapters/315-chapter-315-tornado-wolf.md,315,Chapter 315 : Tornado Wolf,76,Sacred-blood creature tornado wolf killed. Beast soul of tornado wolf gained. Eat its meat to gain 0 to 10 sacred geno points randomly.,sacred blood creature tornado wolf killed. beast soul of tornado wolf gained. eat its meat to gain 0 to 10 sacred geno points randomly.,,,0.85,1.0,1.0,0.955,Sacred-Blood Creature Tornado Wolf Killed. Beast Soul Of Tornado Wolf Gained. Eat Its Meat To Gain 0 To 10 Sacred Geno Points Randomly.,beast_soul_result,likely
converted/Super Gene/chapters/334-chapter-334-underground-river.md,334,Chapter 334 : Underground River,28,Sacred-blood creature copper demon killed. No beast soul gained. Drink its blood to gain 0 to 10 sacred geno points randomly.,sacred blood creature copper demon killed. no beast soul gained. drink its blood to gain 0 to 10 sacred geno points randomly.,,,0.85,1.0,1.0,0.955,Sacred-Blood Creature Copper Demon Killed. No Beast Soul Gained. Drink Its Blood To Gain 0 To 10 Sacred Geno Points Randomly.,beast_soul_result,likely
converted/Super Gene/chapters/391-chapter-390-killing-a-sacred-blood-creature-you-don-t-even-see.md,391,Chapter 390 : Killing a Sacred-blood Creature You Don\u2019t Even See,60,Sacred-blood creature black-feathered beast king killed. Beast soul of black-feathered beast king gained. Eat its meat to gain 0 to 10 sacred geno points.,sacred blood creature black feathered beast king killed. beast soul of black feathered beast king gained. eat its meat to gain 0 to 10 sacred geno points.,,,0.85,1.0,1.0,0.955,Sacred-Blood Creature Black-Feathered Beast King Killed. Beast Soul Of Black-Feathered Beast King Gained. Eat Its Meat To Gain 0 To 10 Sacred Geno Points.,beast_soul_result,likely
converted/Super Gene/chapters/440-chapter-439-snow-spider.md,440,Chapter 439 : Snow Spider,76,Primitive creature snow spider killed. No beast soul gained. Eat its meat to gain 0 to 10 primitive geno points.,primitive creature snow spider killed. no beast soul gained. eat its meat to gain 0 to 10 primitive geno points.,,,0.85,1.0,1.0,0.955,Primitive Creature Snow Spider Killed. No Beast Soul Gained. Eat Its Meat To Gain 0 To 10 Primitive Geno Points.,beast_soul_result,likely
converted/Super Gene/chapters/444-chapter-443-two-quarrel-and-a-third-profits-by-it.md,444,Chapter 443 : Two Quarrel and A Third Profits by It,62,Sacred-blood creature snow spider killed. No beast soul gained. Eat its meat to gain 0 to 10 sacred geno points.,sacred blood creature snow spider killed. no beast soul gained. eat its meat to gain 0 to 10 sacred geno points.,,,0.85,1.0,1.0,0.955,Sacred-Blood Creature Snow Spider Killed. No Beast Soul Gained. Eat Its Meat to Gain 0 to 10 Sacred Geno Points.,beast_soul_result,likely
converted/Super Gene/chapters/444-chapter-443-two-quarrel-and-a-third-profits-by-it.md,444,Chapter 443 : Two Quarrel and A Third Profits by It,74,Young sacred-blood creature evil-blooded condor killed. Beast soul of evil-blooded condor gained. Eat its meat to gain 0 to 10 sacred-blood geno points.,young sacred blood creature evil blooded condor killed. beast soul of evil blooded condor gained. eat its meat to gain 0 to 10 sacred blood geno points.,,,0.85,1.0,1.0,0.955,Young Sacred-Blood Creature Evil-Blooded Condor Killed. Beast Soul of Evil-Blooded Condor Gained. Eat Its Meat to Gain 0 to 10 Sacred-Blood Geno Points.,beast_soul_result,likely
converted/Super Gene/chapters/484-chapter-483-ghost-pawed-ferret.md,484,Chapter 483 : Ghost-Pawed Ferret,64,Sacred-blood creature ghost-pawed ferret killed. Beast soul of sacred-blood ghost-pawed ferret gained. Eat its meat to gain 0 to 10 sacred geno points randomly.,sacred blood creature ghost pawed ferret killed. beast soul of sacred blood ghost pawed ferret gained. eat its meat to gain 0 to 10 sacred geno points randomly.,,,0.85,1.0,1.0,0.955,Sacred-Blood Creature Ghost-Pawed Ferret Killed. Beast Soul Of Sacred-Blood Ghost-Pawed Ferret Gained. Eat Its Meat To Gain 0 To 10 Sacred Geno Points Randomly.,beast_soul_result,likely
converted/Super Gene/chapters/505-chapter-504-bluefish.md,505,Chapter 504 : Bluefish,76,Primitive creature bluefish killed. No beast soul gained. Eat its meat to gain 0 to 10 primitive geno points.,primitive creature bluefish killed. no beast soul gained. eat its meat to gain 0 to 10 primitive geno points.,,,0.85,1.0,1.0,0.955,Primitive Creature Bluefish Killed. No Beast Soul Gained. Eat Its Meat To Gain 0 To 10 Primitive Geno Points.,beast_soul_result,likely
converted/Super Gene/chapters/507-chapter-506-fighting-under-the-water.md,507,Chapter 506 : Fighting under the Water,60,Sacred-blood creature silver eel killed. Beast soul of silver eel gained. Eat its meat to gain 0 to 10 sacred geno points.,sacred blood creature silver eel killed. beast soul of silver eel gained. eat its meat to gain 0 to 10 sacred geno points.,,,0.85,1.0,1.0,0.955,Sacred-Blood Creature Silver Eel Killed. Beast Soul Of Silver Eel Gained. Eat Its Meat To Gain 0 To 10 Sacred Geno Points.,beast_soul_result,likely
converted/Super Gene/chapters/515-chapter-514-stealing.md,515,Chapter 514 : Stealing,28,Sacred-blood creature snake fish king killed. No beast soul gained. Eat its meat to gain 0 to 10 sacred geno points.,sacred blood creature snake fish king killed. no beast soul gained. eat its meat to gain 0 to 10 sacred geno points.,,,0.85,1.0,1.0,0.955,Sacred-Blood Creature Snake Fish King Killed. No Beast Soul Gained. Eat Its Meat To Gain 0 To 10 Sacred Geno Points.,beast_soul_result,likely
converted/Super Gene/chapters/520-chapter-519-hunting-on-the-bottom-of-the-lake.md,520,Chapter 519 : Hunting on the Bottom of the Lake,110,Primitive creature golden anchovy killed. Beast soul of golden anchovy gained. Eat its meat to gain 0 to 10 primitive geno points randomly.,primitive creature golden anchovy killed. beast soul of golden anchovy gained. eat its meat to gain 0 to 10 primitive geno points randomly.,,,0.85,1.0,1.0,0.955,Primitive Creature Golden Anchovy Killed. Beast Soul Of Golden Anchovy Gained. Eat Its Meat To Gain 0 To 10 Primitive Geno Points Randomly.,beast_soul_result,likely
converted/Super Gene/chapters/521-chapter-520-killing-the-golden-crab.md,521,Chapter 520 : Killing The Golden Crab,24,Snow Charmer killed primitive golden swordfish. Beast soul of golden swordfish gained. Eat its meat to gain 0 to 10 primitive geno points.,snow charmer killed primitive golden swordfish. beast soul of golden swordfish gained. eat its meat to gain 0 to 10 primitive geno points.,,,0.85,1.0,1.0,0.955,Snow Charmer Killed Primitive Golden Swordfish. Beast Soul Of Golden Swordfish Gained. Eat Its Meat To Gain 0 To 10 Primitive Geno Points.,beast_soul_result,likely
converted/Super Gene/chapters/522-chapter-521-treasure-in-the-sea.md,522,Chapter 521 : Treasure in the Sea,42,Primitive creature fire prawn killed. No beast soul gained. Eat its meat to gain 0 to 10 primitive geno points.,primitive creature fire prawn killed. no beast soul gained. eat its meat to gain 0 to 10 primitive geno points.,,,0.85,1.0,1.0,0.955,Primitive Creature Fire Prawn Killed. No Beast Soul Gained. Eat Its Meat To Gain 0 To 10 Primitive Geno Points.,beast_soul_result,likely
converted/Super Gene/chapters/522-chapter-521-treasure-in-the-sea.md,522,Chapter 521 : Treasure in the Sea,64,Mutant creature treasure scallop killed. No beast soul gained. Eat its meat to gain 0 to 10 mutant geno points.,mutant creature treasure scallop killed. no beast soul gained. eat its meat to gain 0 to 10 mutant geno points.,,,0.85,1.0,1.0,0.955,Mutant Creature Treasure Scallop Killed. No Beast Soul Gained. Eat Its Meat To Gain 0 To 10 Mutant Geno Points.,beast_soul_result,likely
converted/Super Gene/chapters/532-chapter-531-beast-soul-of-inferno-bull.md,532,Chapter 531 : Beast Soul of Inferno Bull,64,Sacred-blood creature inferno bull killed. Beast soul of inferno bull gained. Eat its meat to gain 0 to 10 sacred geno points.,sacred blood creature inferno bull killed. beast soul of inferno bull gained. eat its meat to gain 0 to 10 sacred geno points.,,,0.85,1.0,1.0,0.955,Sacred-Blood Creature Inferno Bull Killed. Beast Soul Of Inferno Bull Gained. Eat Its Meat To Gain 0 To 10 Sacred Geno Points.,beast_soul_result,likely
converted/Super Gene/chapters/762-chapter-761-bloodlust-mosquito.md,762,Chapter 761 : Bloodlust Mosquito,42,Mutant creature Bloodlust Mosquito killed. No beast soul gained. Eat the flesh of the mutant creature Bloodlust Mosquito to gain zero to ten geno points randomly.,mutant creature bloodlust mosquito killed. no beast soul gained. eat the flesh of the mutant creature bloodlust mosquito to gain zero to ten geno points randomly.,,,0.85,1.0,1.0,0.955,Mutant Creature Bloodlust Mosquito Killed. No Beast Soul Gained. Eat The Flesh Of The Mutant Creature Bloodlust Mosquito To Gain Zero To Ten Geno Points Randomly.,beast_soul_result,likely
converted/Super Gene/chapters/762-chapter-761-bloodlust-mosquito.md,762,Chapter 761 : Bloodlust Mosquito,86,Sacred-blood Bloodlust Mosquito killed. No beast soul gained. Eat the flesh of the sacred-blood creature Bloodlust Mosquito to gain zero to ten geno points randomly.,sacred blood bloodlust mosquito killed. no beast soul gained. eat the flesh of the sacred blood creature bloodlust mosquito to gain zero to ten geno points randomly.,,,0.85,1.0,1.0,0.955,Sacred-Blood Bloodlust Mosquito Killed. No Beast Soul Gained. Eat The Flesh Of The Sacred-Blood Creature Bloodlust Mosquito To Gain Zero To Ten Geno Points Randomly.,beast_soul_result,likely
converted/Super Gene/chapters/808-chapter-807-roast-goose.md,808,Chapter 807 : Roast Goose,80,Sacred-blood Creature White Goose killed. Beast soul gained. Eat its flesh to gain zero to ten sacred geno points randomly.,sacred blood creature white goose killed. beast soul gained. eat its flesh to gain zero to ten sacred geno points randomly.,,,0.85,1.0,1.0,0.955,Sacred-Blood Creature White Goose Killed. Beast Soul Gained. Eat Its Flesh To Gain Zero To Ten Sacred Geno Points Randomly.,beast_soul_result,likely
converted/Super Gene/chapters/901-chapter-900-flaming-porcupine.md,901,Chapter 900 : Flaming Porcupine,94,Ordinary Creature Flaming Porcupine killed. Beast soul gained. Consume its flesh to gain zero to ten ordinary geno points randomly.,ordinary creature flaming porcupine killed. beast soul gained. consume its flesh to gain zero to ten ordinary geno points randomly.,,,0.85,1.0,1.0,0.955,Ordinary Creature Flaming Porcupine Killed. Beast Soul Gained. Consume Its Flesh To Gain Zero To Ten Ordinary Geno Points Randomly.,beast_soul_result,likely
converted/Super Gene/chapters/902-chapter-901-arrow-beast-soul.md,902,Chapter 901 : Arrow Beast Soul,74,Ordinary Creature Tree Crab killed. No beast soul gained. Consume its flesh to gain zero to ten ordinary geno points randomly.,ordinary creature tree crab killed. no beast soul gained. consume its flesh to gain zero to ten ordinary geno points randomly.,,,0.85,1.0,1.0,0.955,Ordinary Creature Tree Crab Killed. No Beast Soul Gained. Consume Its Flesh To Gain Zero To Ten Ordinary Geno Points Randomly.,beast_soul_result,likely
converted/Super Gene/chapters/906-chapter-905-killing-iron-bug-king.md,906,Chapter 905 : Killing Iron Bug King,64,Sacred-Blood Creature Iron Bug King killed. Beast soul gained. Consume its flesh to gain zero to ten sacred geno points randomly.,sacred blood creature iron bug king killed. beast soul gained. consume its flesh to gain zero to ten sacred geno points randomly.,,,0.85,1.0,1.0,0.955,Sacred-Blood Creature Iron Bug King Killed. Beast Soul Gained. Consume Its Flesh To Gain Zero To Ten Sacred Geno Points Randomly.,beast_soul_result,likely
converted/Super Gene/chapters/908-chapter-907-wipeout.md,908,Chapter 907 : Wipeout,32,Ordinary Creature Black Iron Tiger killed. No beast soul gained. Consume its flesh to gain zero to ten ordinary geno points randomly.,ordinary creature black iron tiger killed. no beast soul gained. consume its flesh to gain zero to ten ordinary geno points randomly.,,,0.85,1.0,1.0,0.955,Ordinary Creature Black Iron Tiger Killed. No Beast Soul Gained. Consume Its Flesh To Gain Zero To Ten Ordinary Geno Points Randomly.,beast_soul_result,likely
converted/Super Gene/chapters/946-chapter-945-the-unseen-shooter.md,946,Chapter 945 : The Unseen Shooter,52,Mutant Creature Gold Thunder-Hawk killed. No beast soul gained. Consume its flesh to gain zero to ten mutant geno points randomly.,mutant creature gold thunder hawk killed. no beast soul gained. consume its flesh to gain zero to ten mutant geno points randomly.,,,0.85,1.0,1.0,0.955,Mutant Creature Gold Thunder-Hawk Killed. No Beast Soul Gained. Consume Its Flesh To Gain Zero To Ten Mutant Geno Points Randomly.,beast_soul_result,likely
converted/Super Gene/chapters/946-chapter-945-the-unseen-shooter.md,946,Chapter 945 : The Unseen Shooter,100,Mutant Creature Gold-Talon Wolf killed. Beast soul gained. Consume its flesh to gain zero to ten mutant geno points randomly.,mutant creature gold talon wolf killed. beast soul gained. consume its flesh to gain zero to ten mutant geno points randomly.,,,0.85,1.0,1.0,0.955,Mutant Creature Gold-Talon Wolf Killed. Beast Soul Gained. Consume Its Flesh To Gain Zero To Ten Mutant Geno Points Randomly.,beast_soul_result,likely
converted/Super Gene/chapters/949-chapter-948-fair-trade.md,949,Chapter 948 : Fair Trade,28,Mutant Creature Pillar Titan killed. Beast soul gained. Consume its flesh gain zero to ten mutant geno points randomly.,mutant creature pillar titan killed. beast soul gained. consume its flesh gain zero to ten mutant geno points randomly.,,,0.85,1.0,1.0,0.955,Mutant Creature Pillar Titan Killed. Beast Soul Gained. Consume Its Flesh Gain Zero To Ten Mutant Geno Points Randomly.,beast_soul_result,likely
converted/Super Gene/chapters/967-chapter-966-ability-to-control-bugs.md,967,Chapter 966 : Ability to Control Bugs,34,Mutant Creature Thorn Bug killed. No beast soul gained. Consume its flesh to gain zero to ten mutant geno points randomly.,mutant creature thorn bug killed. no beast soul gained. consume its flesh to gain zero to ten mutant geno points randomly.,,,0.85,1.0,1.0,0.955,Mutant Creature Thorn Bug Killed. No Beast Soul Gained. Consume Its Flesh To Gain Zero To Ten Mutant Geno Points Randomly.,beast_soul_result,likely
converted/Super Gene/chapters/971-chapter-970-red-eye-rabbit.md,971,Chapter 970 - Red-Eye Rabbit,92,Ordinary Creature Red-Eye Rabbit killed. No beast soul gained. Consume its flesh to gain zero to ten ordinary geno points randomly.,ordinary creature red eye rabbit killed. no beast soul gained. consume its flesh to gain zero to ten ordinary geno points randomly.,,,0.85,1.0,1.0,0.955,Ordinary Creature Red-Eye Rabbit killed. No beast soul gained. Consume its flesh to gain zero to ten ordinary geno points randomly.,beast_soul_result,likely
converted/Super Gene/chapters/1521-chapter-1520-slaying-the-ant-king.md,1521,Chapter 1520 - Slaying the Ant King,84,Super Creature Bloodthirsty Ant King killed. Beast soul gained. Geno core unobtained. Flesh inedible. Consume the Super Geno Essence to gain zero to ten super geno points.,super creature bloodthirsty ant king killed. beast soul gained. geno core unobtained. flesh inedible. consume the super geno essence to gain zero to ten super geno points.,,,1.0,0.8867,1.0,0.9343,Super Creature Bloodthirsty Ant King Killed. Beast Soul Gained. Geno Core Unobtained. Flesh Inedible. Consume the Life Geno Essence to Gain Zero to Ten Super Geno Points.,beast_soul_result,likely
converted/Super Gene/chapters/2009-chapter-2008-demon-stone-cow.md,2009,Chapter 2008 - Demon Stone Cow,26,Mutant Xenogeneic Marquise killed. Petrified Demon Cow: mutant xenogeneic gene found. Obtained mutant xenogeneic beast soul: Demon Stone Cow.,mutant xenogeneic marquise killed. petrified demon cow: mutant xenogeneic gene found. obtained mutant xenogeneic beast soul: demon stone cow.,,,0.9500000000000001,0.9049,0.9647,0.9256,Mutant Xenogeneic Marquise killed. Petrified Demon Cow: mutant xenogeneic gene found. Obtained mutant xenogeneic beast soul.,xenogeneic_gene,likely
converted/Super Gene/chapters/001-chapter-1-supergene.md,1,Chapter 1 : Supergene,24,Black beetle flesh eaten. Zero geno points gained.,black beetle flesh eaten. zero geno points gained.,,,0.75,1.0,1.0,0.925,Black Beetle Flesh Eaten. Zero Geno Points Gained.,geno_point_gain,likely
converted/Super Gene/chapters/017-chapter-17-unexpected-encounte.md,17,Chapter 17 : Unexpected Encounte,20,Primitive creature quartz scorpion killed. No beast soul gain. Eat the flesh of quartz scorpion to gain zero to ten primitive geno points.,primitive creature quartz scorpion killed. no beast soul gain. eat the flesh of quartz scorpion to gain zero to ten primitive geno points.,,,0.75,1.0,1.0,0.925,Primitive Creature Quartz Scorpion Killed. No Beast Soul Gain. Eat The Flesh Of Quartz Scorpion To Gain Zero To Ten Primitive Geno Points.,beast_soul_result,likely
converted/Super Gene/chapters/018-chapter-18-mutant-creature.md,18,Chapter 18 : Mutant Creature,32,Primitive quartz scorpion flesh eaten. Four primitive geno points gained.,primitive quartz scorpion flesh eaten. four primitive geno points gained.,,,0.75,1.0,1.0,0.925,Primitive Quartz Scorpion Flesh Eaten. Four Primitive Geno Points Gained.,geno_point_gain,likely
converted/Super Gene/chapters/1044-chapter-1043-getting-a-super-beast-soul.md,1044,Chapter 1043 - Getting a Super Beast Soul,40,Berserk Mutant Creature Devil-horn Sheep killed. No beast soul gained. This creature cannot be consumed.,berserk mutant creature devil horn sheep killed. no beast soul gained. this creature cannot be consumed.,,,0.75,1.0,1.0,0.925,Berserk Mutant Creature Devil-Horn Sheep killed. No beast soul gained. This creature cannot be consumed.,beast_soul_result,likely
converted/Super Gene/chapters/355-chapter-355-things-left-behind-by-the-deceased.md,355,Chapter 355 : Things Left behind by the Deceased,66,Super creature cloud beast killed. No beast soul gained. Life essence available. Meat inedible.,super creature cloud beast killed. no beast soul gained. life essence available. meat inedible.,,,0.75,1.0,1.0,0.925,Super Creature Cloud Beast Killed. No Beast Soul Gained. Life Essence Available. Meat Inedible.,life_essence,likely
converted/Super Gene/chapters/368-chapter-368-another-super-beast-soul.md,368,Chapter 368 : Another Super Beast Soul,66,Larva of super creature cursed wolf killed. Beast soul of cursed wolf gained. Life essence available. Meat inedible.,larva of super creature cursed wolf killed. beast soul of cursed wolf gained. life essence available. meat inedible.,,,0.75,1.0,1.0,0.925,Larva Of Super Creature Cursed Wolf Killed. Beast Soul Of Cursed Wolf Gained. Life Essence Available. Meat Inedible.,life_essence,likely
converted/Super Gene/chapters/388-chapter-387-blood-snail-beast-soul.md,388,Chapter 387 : Blood Snail Beast Soul,74,Super creature blood snail killed. Beast soul of super creature blood snail gained. Life essence available. Meat inedible.,super creature blood snail killed. beast soul of super creature blood snail gained. life essence available. meat inedible.,,,0.75,1.0,1.0,0.925,Super Creature Blood Snail Killed. Beast Soul Of Super Creature Blood Snail Gained. Life Essence Available. Meat Inedible.,life_essence,likely
converted/Super Gene/chapters/396-chapter-395-super-meat.md,396,Chapter 395 : Super Meat,62,Super creature golden growler killed. Beast soul of golden growler gained. Life essence available. Meat edible.,super creature golden growler killed. beast soul of golden growler gained. life essence available. meat edible.,,,0.75,1.0,1.0,0.925,Super Creature Golden Growler Killed. Beast Soul Of Golden Growler Gained. Life Essence Available. Meat Edible.,life_essence,likely
converted/Super Gene/chapters/406-chapter-405-the-power-of-angel.md,406,Chapter 405 : The Power of Angel,50,Super creature purgatory flower killed. No beast soul gained. Life essence available.,super creature purgatory flower killed. no beast soul gained. life essence available.,,,0.75,1.0,1.0,0.925,Super Creature Purgatory Flower Killed. No Beast Soul Gained. Life Essence Available.,life_essence,likely
converted/Super Gene/chapters/416-chapter-415-human.md,416,Chapter 415 : Human?,90,Super creature evil goblin killed. No beast soul gained. Life essence available. Meat inedible.,super creature evil goblin killed. no beast soul gained. life essence available. meat inedible.,,,0.75,1.0,1.0,0.925,Super Creature Evil Goblin Killed. No Beast Soul Gained. Life Essence Available. Meat Inedible.,life_essence,likely
converted/Super Gene/chapters/417-chapter-416-a-fortune.md,417,Chapter 416 : A Fortune,72,Super creature white jade six-legged rhinoceros killed. No beast soul gained. Life essence available. Meat inedible.,super creature white jade six legged rhinoceros killed. no beast soul gained. life essence available. meat inedible.,,,0.75,1.0,1.0,0.925,Super Creature White Jade Six-Legged Rhinoceros Killed. No Beast Soul Gained. Life Essence Available. Meat Inedible.,life_essence,likely
converted/Super Gene/chapters/421-chapter-420-preparation-before-evolution.md,421,Chapter 420 : Preparation before Evolution,28,Super creature desert bird killed. Beast soul of desert bird gained. Life essence available. Meat inedible.,super creature desert bird killed. beast soul of desert bird gained. life essence available. meat inedible.,,,0.75,1.0,1.0,0.925,Super Creature Desert Bird Killed. Beast Soul Of Desert Bird Gained. Life Essence Available. Meat Inedible.,life_essence,likely
converted/Super Gene/chapters/545-chapter-544-sea-bug.md,545,Chapter 544 : Sea Bug,76,"Mutant Creature Hunted: Poison-Spike Sea Bug. The beast soul was not acquired. Consume its flesh to obtain a random amount of mutant geno points, between zero and ten.","mutant creature hunted: poison spike sea bug. the beast soul was not acquired. consume its flesh to obtain a random amount of mutant geno points, between zero and ten.",,,0.75,1.0,1.0,0.925,"Mutant Creature Hunted: Poison-Spike Sea Bug. The Beast Soul Was Not Acquired. Consume Its Flesh To Obtain A Random Amount Of Mutant Geno Points, Between Zero And Ten.",beast_soul_result,likely
converted/Super Gene/chapters/545-chapter-544-sea-bug.md,545,Chapter 544 : Sea Bug,92,"Mutant Creature Hunted: Poison-Spike Sea Bug. The beast soul has been acquired. Consume its flesh to obtain a random numeric amount of mutant geno points, between zero and ten.","mutant creature hunted: poison spike sea bug. the beast soul has been acquired. consume its flesh to obtain a random numeric amount of mutant geno points, between zero and ten.",,,0.75,1.0,1.0,0.925,"Mutant Creature Hunted: Poison-Spike Sea Bug. The Beast Soul Has Been Acquired. Consume Its Flesh To Obtain A Random Numeric Amount Of Mutant Geno Points, Between Zero And Ten.",beast_soul_result,likely
converted/Super Gene/chapters/546-chapter-545-killing-a-sacred-blood-beneath-the-sea.md,546,Chapter 545 : Killing a Sacred-Blood Beneath the Sea,102,"Mutant Creature Hunted: sacred-blood Water Buffalo. The beast soul was not acquired. Consume its flesh to obtain a random amount of sacred geno points, between zero and ten.","mutant creature hunted: sacred blood water buffalo. the beast soul was not acquired. consume its flesh to obtain a random amount of sacred geno points, between zero and ten.",,,0.75,1.0,1.0,0.925,"Mutant Creature Hunted: Sacred-Blood Water Buffalo. the Beast Soul Was Not Acquired. Consume Its Flesh to Obtain a Random Amount of Sacred Geno Points, Between Zero and Ten.",beast_soul_result,likely
converted/Super Gene/chapters/564-chapter-563-slaying-the-snake-king.md,564,Chapter 563 : Slaying the Snake-King,64,"Sacred-Blood Creature Hunted: Silver-Eye Ice Snake King. The beast soul has been acquired. Consume its flesh to obtain a random numeric amount of sacred-blood geno points, ranging from zero to ten.","sacred blood creature hunted: silver eye ice snake king. the beast soul has been acquired. consume its flesh to obtain a random numeric amount of sacred blood geno points, ranging from zero to ten.",,,0.75,1.0,1.0,0.925,"Sacred-Blood Creature Hunted: Silver-Eye Ice Snake King. The Beast Soul Has Been Acquired. Consume Its Flesh To Obtain A Random Numeric Amount Of Sacred-Blood Geno Points, Ranging From Zero To Ten.",beast_soul_result,likely
converted/Super Gene/chapters/602-chapter-601-powerful-power.md,602,Chapter 601 : Powerful Power,26,"Sacred-Blood Creature Hunted: Mountain Lizard. The beast soul was not acquired. Consume its flesh to obtain a random numeric amount of sacred geno points, ranging from zero to ten.","sacred blood creature hunted: mountain lizard. the beast soul was not acquired. consume its flesh to obtain a random numeric amount of sacred geno points, ranging from zero to ten.",,,0.75,1.0,1.0,0.925,"Sacred-Blood Creature Hunted: Mountain Lizard. The Beast Soul Was Not Acquired. Consume Its Flesh To Obtain A Random Numeric Amount Of Sacred Geno Points, Ranging From Zero To Ten.",beast_soul_result,likely
converted/Super Gene/chapters/616-chapter-615-escaping.md,616,Chapter 615 : Escaping,26,"Super Creature Hunted: Deadeye Peacock. The beast soul has been acquired. Consume its flesh to obtain a random numeric amount of super geno points, ranging from zero to ten.","super creature hunted: deadeye peacock. the beast soul has been acquired. consume its flesh to obtain a random numeric amount of super geno points, ranging from zero to ten.",,,0.75,1.0,1.0,0.925,"Super Creature Hunted: Deadeye Peacock. The Beast Soul Has Been Acquired. Consume Its Flesh To Obtain A Random Numeric Amount Of Super Geno Points, Ranging From Zero To Ten.",beast_soul_result,likely
converted/Super Gene/chapters/627-chapter-626-raven.md,627,Chapter 626 : Raven,48,"Sacred-Blood Creature Hunted: Sky Falcon king. The beast soul was not acquired. Consume its flesh to obtain a random numeric amount of sacred geno points, ranging from zero to ten.","sacred blood creature hunted: sky falcon king. the beast soul was not acquired. consume its flesh to obtain a random numeric amount of sacred geno points, ranging from zero to ten.",,,0.75,1.0,1.0,0.925,"Sacred-Blood Creature Hunted: Sky Falcon King. The Beast Soul Was Not Acquired. Consume Its Flesh To Obtain A Random Numeric Amount Of Sacred Geno Points, Ranging From Zero To Ten.",beast_soul_result,likely
converted/Super Gene/chapters/670-chapter-669-giant-frosty-bear.md,670,Chapter 669 : Giant Frosty Bear,68,"Sacred-Blood Creature Hunted: Snow Bird. The beast soul was not acquired. Consume its flesh to obtain a random numeric amount of sacred geno points, ranging from zero to ten.","sacred blood creature hunted: snow bird. the beast soul was not acquired. consume its flesh to obtain a random numeric amount of sacred geno points, ranging from zero to ten.",,,0.75,1.0,1.0,0.925,"Sacred-Blood Creature Hunted: Snow Bird. The Beast Soul Was Not Acquired. Consume Its Flesh To Obtain A Random Numeric Amount Of Sacred Geno Points, Ranging From Zero To Ten.",beast_soul_result,likely
converted/Super Gene/chapters/697-chapter-696-ghost-butterfly.md,697,Chapter 696 : Ghost Butterfly,70,"Sacred-Blood Creature Hunted: White-Ghost Butterfly. The beast soul has not been acquired. Consume its flesh to obtain a random numeric amount of mutant geno points, ranging from zero to ten.","sacred blood creature hunted: white ghost butterfly. the beast soul has not been acquired. consume its flesh to obtain a random numeric amount of mutant geno points, ranging from zero to ten.",,,0.75,1.0,1.0,0.925,"Sacred-Blood Creature Hunted: White-Ghost Butterfly. The Beast Soul Has Not Been Acquired. Consume Its Flesh To Obtain A Random Numeric Amount Of Mutant Geno Points, Ranging From Zero To Ten.",beast_soul_result,likely
converted/Super Gene/chapters/698-chapter-697-devil-ant.md,698,Chapter 697 : Devil Ant,34,"Sacred-Blood Creature Hunted: Subterranean Devil Ant. The beast soul has not been acquired. Consume its flesh to obtain a random numeric amount of mutant geno points, ranging from zero to ten.","sacred blood creature hunted: subterranean devil ant. the beast soul has not been acquired. consume its flesh to obtain a random numeric amount of mutant geno points, ranging from zero to ten.",,,0.75,1.0,1.0,0.925,"Sacred-Blood Creature Hunted: Subterranean Devil Ant. The Beast Soul Has Not Been Acquired. Consume Its Flesh To Obtain A Random Numeric Amount Of Mutant Geno Points, Ranging From Zero To Ten.",beast_soul_result,likely
converted/Super Gene/chapters/700-chapter-699-ant-egg.md,700,Chapter 699 : Ant Egg,60,"Mutant Creature Hunted: Subterranean Devil Ant Baby. The beast soul has not been acquired. Consume its flesh to obtain a random numeric amount of mutant geno points, ranging from zero to ten.","mutant creature hunted: subterranean devil ant baby. the beast soul has not been acquired. consume its flesh to obtain a random numeric amount of mutant geno points, ranging from zero to ten.",,,0.75,1.0,1.0,0.925,"Mutant Creature Hunted: Subterranean Devil Ant Baby. The Beast Soul Has Not Been Acquired. Consume Its Flesh To Obtain A Random Numeric Amount Of Mutant Geno Points, Ranging From Zero To Ten.",beast_soul_result,likely
converted/Super Gene/chapters/700-chapter-699-ant-egg.md,700,Chapter 699 : Ant Egg,90,"Sacred-Blood Creature Hunted: Subterranean Devil Ant Baby. The beast soul has not been acquired. Consume its flesh to obtain a random numeric amount of sacred geno points, ranging from zero to ten.","sacred blood creature hunted: subterranean devil ant baby. the beast soul has not been acquired. consume its flesh to obtain a random numeric amount of sacred geno points, ranging from zero to ten.",,,0.75,1.0,1.0,0.925,"Sacred-Blood Creature Hunted: Subterranean Devil Ant Baby. The Beast Soul Has Not Been Acquired. Consume Its Flesh To Obtain A Random Numeric Amount Of Sacred Geno Points, Ranging From Zero To Ten.",beast_soul_result,likely
converted/Super Gene/chapters/701-chapter-700-maxing-out-sacred-geno-points.md,701,Chapter 700 : Maxing Out Sacred Geno Points,56,"Super Creature Hunted: Subterranean Devil Ant King Baby. The beast soul has been acquired. Consume its flesh to obtain a random numeric amount of super geno points, ranging from zero to ten.","super creature hunted: subterranean devil ant king baby. the beast soul has been acquired. consume its flesh to obtain a random numeric amount of super geno points, ranging from zero to ten.",,,0.75,1.0,1.0,0.925,"Super Creature Hunted: Subterranean Devil Ant King Baby. The Beast Soul Has Been Acquired. Consume Its Flesh To Obtain A Random Numeric Amount Of Super Geno Points, Ranging From Zero To Ten.",beast_soul_result,likely
converted/Super Gene/chapters/701-chapter-700-maxing-out-sacred-geno-points.md,701,Chapter 700 : Maxing Out Sacred Geno Points,80,"Sacred-Blood Creature Hunted: Subterranean Devil Ant Baby. The beast soul has been acquired. Consume its flesh to obtain a random numeric amount of sacred geno points, ranging from zero to ten.","sacred blood creature hunted: subterranean devil ant baby. the beast soul has been acquired. consume its flesh to obtain a random numeric amount of sacred geno points, ranging from zero to ten.",,,0.75,1.0,1.0,0.925,"Sacred-Blood Creature Hunted: Subterranean Devil Ant Baby. The Beast Soul Has Been Acquired. Consume Its Flesh To Obtain A Random Numeric Amount Of Sacred Geno Points, Ranging From Zero To Ten.",beast_soul_result,likely
converted/Super Gene/chapters/725-chapter-724-big-reward.md,725,Chapter 724 : Big Reward,94,"Super Creature Hunted: Thousand-Blade Blood Dragon Baby. The beast soul has not been acquired. Consume its flesh to obtain a random numeric amount of super geno points, ranging from zero to ten.","super creature hunted: thousand blade blood dragon baby. the beast soul has not been acquired. consume its flesh to obtain a random numeric amount of super geno points, ranging from zero to ten.",,,0.75,1.0,1.0,0.925,"Super Creature Hunted: Thousand-Blade Blood Dragon Baby. The Beast Soul Has Not Been Acquired. Consume Its Flesh To Obtain A Random Numeric Amount Of Super Geno Points, Ranging From Zero To Ten.",beast_soul_result,likely
converted/Super Gene/chapters/728-chapter-727-the-thunder-breaks-through.md,728,Chapter 727 : The Thunder Breaks Through,38,"Sacred-Blood Creature Hunted: Green Cloud Eagle. The beast soul has not been acquired. Consume its flesh to obtain a random numeric amount of sacred geno points, ranging from zero to ten.","sacred blood creature hunted: green cloud eagle. the beast soul has not been acquired. consume its flesh to obtain a random numeric amount of sacred geno points, ranging from zero to ten.",,,0.75,1.0,1.0,0.925,"Sacred-Blood Creature Hunted: Green Cloud Eagle. The Beast Soul Has Not Been Acquired. Consume Its Flesh To Obtain A Random Numeric Amount Of Sacred Geno Points, Ranging From Zero To Ten.",beast_soul_result,likely
converted/Super Gene/chapters/740-chapter-739-dark-silkworm.md,740,Chapter 739 : Dark Silkworm,54,"Mutant Creature Hunted: Dark Silkworm. The beast soul has not been acquired. Consume its flesh to obtain a random numeric amount of mutant geno points, ranging from zero to ten.","mutant creature hunted: dark silkworm. the beast soul has not been acquired. consume its flesh to obtain a random numeric amount of mutant geno points, ranging from zero to ten.",,,0.75,1.0,1.0,0.925,"Mutant Creature Hunted: Dark Silkworm. The Beast Soul Has Not Been Acquired. Consume Its Flesh To Obtain A Random Numeric Amount Of Mutant Geno Points, Ranging From Zero To Ten.",beast_soul_result,likely
converted/Super Gene/chapters/741-chapter-740-ice-silkworm.md,741,Chapter 740 : Ice Silkworm,60,"Mutant Creature Hunted: Dark Silkworm. The beast soul has not been acquired. Consume its flesh to obtain a random numeric amount of mutant geno points, ranging from zero to ten.","mutant creature hunted: dark silkworm. the beast soul has not been acquired. consume its flesh to obtain a random numeric amount of mutant geno points, ranging from zero to ten.",,,0.75,1.0,1.0,0.925,"Mutant Creature Hunted: Dark Silkworm. The Beast Soul Has Not Been Acquired. Consume Its Flesh To Obtain A Random Numeric Amount Of Mutant Geno Points, Ranging From Zero To Ten.",beast_soul_result,likely
converted/Super Gene/chapters/748-chapter-747-an-uncompleted-build.md,748,Chapter 747 : An Uncompleted Build,82,"Super Creature Hunted: Uncompleted Build. The beast soul has not been acquired. Consume its flesh to obtain a random numeric amount of super geno points, ranging from zero to five.","super creature hunted: uncompleted build. the beast soul has not been acquired. consume its flesh to obtain a random numeric amount of super geno points, ranging from zero to five.",,,0.75,1.0,1.0,0.925,"Super Creature Hunted: Uncompleted Build. The Beast Soul Has Not Been Acquired. Consume Its Flesh To Obtain A Random Numeric Amount Of Super Geno Points, Ranging From Zero To Five.",beast_soul_result,likely
converted/Super Gene/chapters/186-chapter-186-carried-by-an-arrow.md,186,Chapter 186 : Carried by An Arrow,28,Primitive black-feathered beast killed. Beast soul of primitive black-feathered beast gained. Eat its meat to gain zero to ten primitive geno points.,primitive black feathered beast killed. beast soul of primitive black feathered beast gained. eat its meat to gain zero to ten primitive geno points.,,,0.85,0.9454,0.9949,0.9228,Primitive Black-Feathered Beast Killed. Beast Soul Of Primitive Black-Feathered Beast Gained. Eat Its Meat To Gain Zero To Ten Primitive Geno Pointes.,beast_soul_result,likely
converted/Super Gene/chapters/1223-chapter-1222-claiming-an-emperor.md,1223,Chapter 1222 - Claiming an Emperor,86,"Super Creature Ice Wolf God killed. Beast soul gained. The flesh of this creature can be consumed, and you may also harvest its Super Geno Essence. Consume its Super Geno Essence to gain zero to ten super geno points randomly. Will you accept the beast soul?","super creature ice wolf god killed. beast soul gained. the flesh of this creature can be consumed, and you may also harvest its super geno essence. consume its super geno essence to gain zero to ten super geno points randomly. will you accept the beast soul?",,,1.0,0.8643,1.0,0.9213,"Super Creature Ice Wolf God Killed. Beast Soul Gained. the Flesh of This Creature Can Be Consumed, and You May Also Harvest Its Life Geno Essence. Consume Its Life Geno Essence to Gain Zero to Ten Super Geno Points Randomly. Will You Accept the Beast Soul?",beast_soul_result,likely
converted/Super Gene/chapters/1028-chapter-1027-killing-nine-tail-ghost-fox.md,1028,Chapter 1027 - Killing Nine-Tail Ghost Fox,60,Super Creature Nine-Tail Ghost Fox killed. No beast soul gained. Consume its flesh to gain zero to ten super geno points randomly. You may also collect the Super Geno Essence.,super creature nine tail ghost fox killed. no beast soul gained. consume its flesh to gain zero to ten super geno points randomly. you may also collect the super geno essence.,,,0.85,0.9118,1.0,0.9038,Super Creature Nine-Tail Ghost Fox Killed. No Beast Soul Gained. Consume its Flesh to Gain Zero to Ten Super Geno Points Randomly. You may also Collect the Life Geno Essence.,beast_soul_result,likely
converted/Super Gene/chapters/002-chapter-2-ass-man.md,2,Chapter 2 : Ass Man,26,Flesh of black beetle eaten. One sacred geno point gained.,flesh of black beetle eaten. one sacred geno point gained.,,,0.65,1.0,1.0,0.895,Flesh Of Black Beetle Eaten. One Sacred Geno Point Gained.,geno_point_gain,likely
converted/Super Gene/chapters/002-chapter-2-ass-man.md,2,Chapter 2 : Ass Man,34,Flesh of black beetle eaten. One sacred geno point gained.,flesh of black beetle eaten. one sacred geno point gained.,,,0.65,1.0,1.0,0.895,Flesh Of Black Beetle Eaten. One Sacred Geno Point Gained.,geno_point_gain,likely
converted/Super Gene/chapters/002-chapter-2-ass-man.md,2,Chapter 2 : Ass Man,36,Flesh of black beetle eaten. One sacred geno point gained.,flesh of black beetle eaten. one sacred geno point gained.,,,0.65,1.0,1.0,0.895,Flesh Of Black Beetle Eaten. One Sacred Geno Point Gained.,geno_point_gain,likely
converted/Super Gene/chapters/003-chapter-3-sacred-blood-armour.md,3,Chapter 3 : Sacred-blood Armour,52,Primitive creature green-scaled beast killed. No beast soul gained. Eat the flesh of the primitive green-scaled beast to gain zero to ten points randomly.,primitive creature green scaled beast killed. no beast soul gained. eat the flesh of the primitive green scaled beast to gain zero to ten points randomly.,,,0.65,1.0,1.0,0.895,Primitive Creature Green-Scaled Beast Killed. No Beast Soul Gained. Eat The Flesh Of The Primitive Green-Scaled Beast To Gain Zero To Ten Points Randomly.,beast_soul_result,likely
converted/Super Gene/chapters/006-chapter-6-armour-is-everything.md,6,Chapter 6 : Armour Is Everything,40,Primitive creature swift mantis killed. No beast soul gained. Eat the swift mantis to gain zero to ten points randomly.,primitive creature swift mantis killed. no beast soul gained. eat the swift mantis to gain zero to ten points randomly.,,,0.65,1.0,1.0,0.895,Primitive Creature Swift Mantis Killed. No Beast Soul Gained. Eat The Swift Mantis To Gain Zero To Ten Points Randomly.,beast_soul_result,likely
converted/Super Gene/chapters/011-chapter-11-who-is-dollar.md,11,Chapter 11 : Who Is Dollar?,72,Primitive green-scaled beast flesh eaten. One primitive geno point gained.,primitive green scaled beast flesh eaten. one primitive geno point gained.,,,0.65,1.0,1.0,0.895,Primitive green-scaled beast flesh eaten. One primitive geno point gained.,geno_point_gain,likely
converted/Super Gene/chapters/015-chapter-15-selling-flesh.md,15,Chapter 15 : Selling Flesh,48,Mutant copper-toothed beast flesh eaten. One mutant geno point gained.,mutant copper toothed beast flesh eaten. one mutant geno point gained.,,,0.65,1.0,1.0,0.895,Mutant Copper-Toothed Beast Flesh Eaten. One Mutant Geno Point Gained.,geno_point_gain,likely
converted/Super Gene/chapters/054-chapter-54-small-gift.md,54,Chapter 54 : Small Gift,16,Meat of copper-toothed beast eaten. One sacred geno point gained.,meat of copper toothed beast eaten. one sacred geno point gained.,<!-- source: span.dropcap -->,,0.65,1.0,1.0,0.895,Meat Of Copper-Toothed Beast Eaten. One Sacred Geno Point Gained.,geno_point_gain,likely
converted/Super Gene/chapters/054-chapter-54-small-gift.md,54,Chapter 54 : Small Gift,18,Meat of copper-toothed beast eaten. One sacred geno point gained.,meat of copper toothed beast eaten. one sacred geno point gained.,,,0.65,1.0,1.0,0.895,Meat Of Copper-Toothed Beast Eaten. One Sacred Geno Point Gained.,geno_point_gain,likely
converted/Super Gene/chapters/067-chapter-67-mutant-sawfish.md,67,Chapter 67 : Mutant Sawfish,20,Ghost-toothed snake king meat eaten. One mutant geno point gained.,ghost toothed snake king meat eaten. one mutant geno point gained.,,,0.65,1.0,1.0,0.895,Ghost-Toothed Snake King Meat Eaten. One Mutant Geno Point Gained.,geno_point_gain,likely
converted/Super Gene/chapters/111-chapter-111-glory-shelter.md,111,Chapter 111 : Glory Shelter,72,Primitive creature yellow lion’s meat eaten. Zero primitive geno point gained.,primitive creature yellow lion's meat eaten. zero primitive geno point gained.,,,0.65,1.0,1.0,0.895,Primitive Creature Yellow Lion’s Meat Eaten. Zero Primitive Geno Point Gained.,geno_point_gain,likely
converted/Super Gene/chapters/118-chapter-118-fairy-queen-beast-soul.md,118,Chapter 118 : Fairy Queen Beast Soul,22,Meat of sacred-blood shreeky beast eaten. One sacred geno point gained.,meat of sacred blood shreeky beast eaten. one sacred geno point gained.,,,0.65,1.0,1.0,0.895,Meat Of Sacred-Blood Shreeky Beast Eaten. One Sacred Geno Point Gained.,geno_point_gain,likely
converted/Super Gene/chapters/118-chapter-118-fairy-queen-beast-soul.md,118,Chapter 118 : Fairy Queen Beast Soul,24,Meat of sacred-blood shreeky beast eaten. One sacred geno point gained.,meat of sacred blood shreeky beast eaten. one sacred geno point gained.,,,0.65,1.0,1.0,0.895,Meat Of Sacred-Blood Shreeky Beast Eaten. One Sacred Geno Point Gained.,geno_point_gain,likely
converted/Super Gene/chapters/188-chapter-188-ghost-butterfly.md,188,Chapter 188 : Ghost Butterfly,26,Primitive creature ghost butterfly killed. No beast soul gained. Meat inedible.,primitive creature ghost butterfly killed. no beast soul gained. meat inedible.,,,0.65,1.0,1.0,0.895,Primitive Creature Ghost Butterfly Killed. No Beast Soul Gained. Meat Inedible.,beast_soul_result,likely
converted/Super Gene/chapters/188-chapter-188-ghost-butterfly.md,188,Chapter 188 : Ghost Butterfly,60,Primitive creature ghost butterfly killed. Beast soul of primitive ghost butterfly gained. Meat inedible.,primitive creature ghost butterfly killed. beast soul of primitive ghost butterfly gained. meat inedible.,,,0.65,1.0,1.0,0.895,Primitive Creature Ghost Butterfly Killed. Beast Soul Of Primitive Ghost Butterfly Gained. Meat Inedible.,beast_soul_result,likely
converted/Super Gene/chapters/189-chapter-189-sacred-blood-ghost-butterfly.md,189,Chapter 189 : Sacred-blood Ghost Butterfly,44,Sacred-blood creature ghost butterfly killed. Beast soul of sacred-blood ghost butterfly gained. Meat inedible.,sacred blood creature ghost butterfly killed. beast soul of sacred blood ghost butterfly gained. meat inedible.,,,0.65,1.0,1.0,0.895,Sacred-Blood Creature Ghost Butterfly Killed. Beast Soul Of Sacred-Blood Ghost Butterfly Gained. Meat Inedible.,beast_soul_result,likely
converted/Super Gene/chapters/245-chapter-245-beetle-knight.md,245,Chapter 245 : Beetle Knight,78,Sacred-blood creature beetle knight killed. Beast soul of beetle knight gained. Meat inedible.,sacred blood creature beetle knight killed. beast soul of beetle knight gained. meat inedible.,,,0.65,1.0,1.0,0.895,Sacred-Blood Creature Beetle Knight Killed. Beast Soul Of Beetle Knight Gained. Meat Inedible.,beast_soul_result,likely
converted/Super Gene/chapters/284-chapter-284-the-egg.md,284,Chapter 284 : The Egg,46,Sacred-blood creature skeleton king killed. No beast soul gained. Meat inedible.,sacred blood creature skeleton king killed. no beast soul gained. meat inedible.,,,0.65,1.0,1.0,0.895,Sacred-Blood Creature Skeleton King Killed. No Beast Soul Gained. Meat Inedible.,beast_soul_result,likely
converted/Super Gene/chapters/287-chapter-287-return.md,287,Chapter 287 : Return,38,Meat of sacred-blood ghost-eyed bear eaten. One sacred geno point gained.,meat of sacred blood ghost eyed bear eaten. one sacred geno point gained.,,,0.65,1.0,1.0,0.895,Meat Of Sacred-Blood Ghost-Eyed Bear Eaten. One Sacred Geno Point Gained.,geno_point_gain,likely
converted/Super Gene/chapters/392-chapter-391-invincible-pet-armour.md,392,Chapter 391 : Invincible Pet Armour,50,Sacred-blood ghost butterfly killed. Beast soul of sacred-blood ghost butterfly gained. Meat inedible.,sacred blood ghost butterfly killed. beast soul of sacred blood ghost butterfly gained. meat inedible.,,,0.65,1.0,1.0,0.895,Sacred-Blood Ghost Butterfly Killed. Beast Soul Of Sacred-Blood Ghost Butterfly Gained. Meat Inedible.,beast_soul_result,likely
converted/Super Gene/chapters/392-chapter-391-invincible-pet-armour.md,392,Chapter 391 : Invincible Pet Armour,68,Sacred-blood ghost butterfly killed. Beast soul gained. Meat inedible.,sacred blood ghost butterfly killed. beast soul gained. meat inedible.,,,0.65,1.0,1.0,0.895,Sacred-Blood Ghost Butterfly Killed. Beast Soul Gained. Meat Inedible.,beast_soul_result,likely
converted/Super Gene/chapters/423-chapter-422-evolution.md,423,Chapter 422 : Evolution,90,Evolution successful. Status of evolver gained. 100 years added to lifespan. Super body king spirit gained.,evolution successful. status of evolver gained. 100 years added to lifespan. super body king spirit gained.,,,0.65,1.0,1.0,0.895,Evolution successful. Status of evolver gained. 100 years added to lifespan. Super body king spirit gained.,evolution_status,likely
converted/Super Gene/chapters/464-chapter-463-crystalliser-ruin.md,464,Chapter 463 : Crystalliser Ruin,64,Meat of evil-blooded condor eaten. One sacred geno point gained.,meat of evil blooded condor eaten. one sacred geno point gained.,,,0.65,1.0,1.0,0.895,Meat Of Evil-Blooded Condor Eaten. One Sacred Geno Point Gained.,geno_point_gain,likely
converted/Super Gene/chapters/488-chapter-487-berserk-gargoyle.md,488,Chapter 487 : Berserk Gargoyle,78,Berserk sacred-blood creature evil gargoyle killed. Beast soul of berserk evil gargoyle gained. Meat inedible.,berserk sacred blood creature evil gargoyle killed. beast soul of berserk evil gargoyle gained. meat inedible.,,,0.65,1.0,1.0,0.895,Berserk Sacred-Blood Creature Evil Gargoyle Killed. Beast Soul of Berserk Evil Gargoyle Gained. Meat Inedible.,beast_soul_result,likely
converted/Super Gene/chapters/489-chapter-488-official-platform.md,489,Chapter 488 : Official Platform,18,Meat of ghost-pawed ferret eaten. One sacred geno point gained.,meat of ghost pawed ferret eaten. one sacred geno point gained.,,,0.65,1.0,1.0,0.895,Meat Of Ghost-Pawed Ferret Eaten. One Sacred Geno Point Gained.,geno_point_gain,likely
converted/Super Gene/chapters/521-chapter-520-killing-the-golden-crab.md,521,Chapter 520 : Killing The Golden Crab,22,Meat of golden anchovy eaten. One primitive geno point gained.,meat of golden anchovy eaten. one primitive geno point gained.,,,0.65,1.0,1.0,0.895,Meat Of Golden Anchovy Eaten. One Primitive Geno Point Gained.,geno_point_gain,likely
converted/Super Gene/chapters/527-chapter-526-beast-soul-of-nightmare.md,527,Chapter 526 : Beast Soul of Nightmare,60,Berserk sacred-blood creature inferno gargoyle killed. No beast soul gained. Meat inedible.,berserk sacred blood creature inferno gargoyle killed. no beast soul gained. meat inedible.,,,0.65,1.0,1.0,0.895,Berserk Sacred-Blood Creature Inferno Gargoyle Killed. No Beast Soul Gained. Meat Inedible.,beast_soul_result,likely
converted/Super Gene/chapters/783-chapter-782-second-absorption.md,783,Chapter 782 : Second Absorption,38,Devil-Eye Spider Baby consumed. One super geno point gained.,devil eye spider baby consumed. one super geno point gained.,,,0.65,1.0,1.0,0.895,Devil-Eye Spider Baby Consumed. One Super Geno Point Gained.,geno_point_gain,likely
converted/Super Gene/chapters/783-chapter-782-second-absorption.md,783,Chapter 782 : Second Absorption,70,Devil-Eye Spider consumed. One super geno point gained.,devil eye spider consumed. one super geno point gained.,,,0.65,1.0,1.0,0.895,Devil-Eye Spider Consumed. One Super Geno Point Gained.,geno_point_gain,likely
converted/Super Gene/chapters/883-chapter-882-becoming-a-surpasser.md,883,Chapter 882 : Becoming a Surpasser,88,Evolution Successful; you have achieved the rank of Surpasser. You have gained an additional one-hundred-year lifespan. Your super body has evolved – Super King Spirit.,evolution successful; you have achieved the rank of surpasser. you have gained an additional one hundred year lifespan. your super body has evolved super king spirit.,,,0.65,1.0,1.0,0.895,Evolution Successful; You Have Achieved The Rank Of Surpasser. You Have Gained An Additional One-Hundred-Year Lifespan. Your Super Body Has Evolved – Super King Spirit.,evolution_status,likely
converted/Super Gene/chapters/940-chapter-939-rare-disloyal-knight.md,940,Chapter 939 : Rare Disloyal Knight,34,Sacred-Blood Creature Loyal Knight killed. No beast soul gained. The flesh is inedible.,sacred blood creature loyal knight killed. no beast soul gained. the flesh is inedible.,,,0.65,1.0,1.0,0.895,Sacred-Blood Creature Loyal Knight Killed. No Beast Soul Gained. The Flesh Is Inedible.,beast_soul_result,likely
converted/Super Gene/chapters/970-chapter-969-one-in-a-ten-million-chance.md,970,Chapter 969 - One in a Ten Million Chance,20,Sacred-Blood Purple-Butterfly Orchid Consumed: Sacred-Blood Geno Points +1.,sacred blood purple butterfly orchid consumed: sacred blood geno points +1.,,,0.65,1.0,1.0,0.895,Sacred-Blood Purple-Butterfly Orchid Consumed: Sacred-Blood Geno Points +1.,geno_point_gain,likely
converted/Super Gene/chapters/970-chapter-969-one-in-a-ten-million-chance.md,970,Chapter 969 - One in a Ten Million Chance,106,"Mutant Tank Ant Consumed, Mutant Geno Points +1.","mutant tank ant consumed, mutant geno points +1.",,,0.65,1.0,1.0,0.895,"Mutant Tank Ant Consumed, Mutant Geno Points +1.",geno_point_gain,likely
converted/Super Gene/chapters/1616-chapter-1615-tiger-amidst-the-sheep.md,1616,Chapter 1615 - Tiger Amidst the Sheep,44,Super Creature Mountain River Beast killed. No beast soul gained. Geno core destroyed. The flesh is edible. Claim the Super Geno Essence to gain zero to ten super geno points randomly.,super creature mountain river beast killed. no beast soul gained. geno core destroyed. the flesh is edible. claim the super geno essence to gain zero to ten super geno points randomly.,,,0.85,0.8961,1.0,0.8947,Super Creature Mountain River Beast Killed. No Beast Soul Gained. Geno Core Destroyed. the Flesh Is Edible. Claim the Life Geno Essence to Gain Zero to Ten Super Geno Points Randomly.,beast_soul_result,likely
converted/Super Gene/chapters/072-chapter-72-hunting-frenzy.md,72,Chapter 72 : Hunting Frenzy,80,Sacred-blood black stinger meat eaten. One sacred geno point gained—,sacred blood black stinger meat eaten. one sacred geno point gained,,,0.65,1.0,0.9756,0.8921,Sacred-Blood Black Stinger Meat Eaten. One Sacred Geno Point Gained...,geno_point_gain,likely
converted/Super Gene/chapters/072-chapter-72-hunting-frenzy.md,72,Chapter 72 : Hunting Frenzy,82,Sacred-blood black stinger meat eaten. One sacred geno point gained—,sacred blood black stinger meat eaten. one sacred geno point gained,,,0.65,1.0,0.9756,0.8921,Sacred-Blood Black Stinger Meat Eaten. One Sacred Geno Point Gained...,geno_point_gain,likely
converted/Super Gene/chapters/001-chapter-1-supergene.md,1,Chapter 1 : Supergene,96,Sacred-blood creature black beetle killed. Beast soul of sacred-blood black beetle gained. Eat the flesh of sacred-blood black beetle to gain 0 to 10 geno points randomly.,sacred blood creature black beetle killed. beast soul of sacred blood black beetle gained. eat the flesh of sacred blood black beetle to gain 0 to 10 geno points randomly.,,,0.85,0.8913,1.0,0.892,Sacred-Blood Creature Black Beetle Killed. Beast Soul of Sacred-Blood Black Beetle Gained. Eat the Flesh of Sacred-Blood Black Beetle to Gain 0 to 0 Geno Points Randomly.,beast_soul_result,likely
converted/Super Gene/chapters/109-chapter-109-scaled-armadillo.md,109,Chapter 109 : Scaled Armadillo,54,Sacred-blood creature scaled armadillo killed. The beast soul of scaled armadillo gained. Eat its meat to gain zero to ten sacred geno points randomly.,sacred blood creature scaled armadillo killed. the beast soul of scaled armadillo gained. eat its meat to gain zero to ten sacred geno points randomly.,,,0.85,0.8912,1.0,0.8919,Sacred-blood Creature Scaled Armadillo Killed. Beast Soul of Scaled Armadillo Gained. Eat Its Meat to Gain Zero to Ten Sacred Geno Points Randomly.,beast_soul_result,likely
converted/Super Gene/chapters/067-chapter-67-mutant-sawfish.md,67,Chapter 67 : Mutant Sawfish,80,Mutant sawfish meat eaten. One mutant geno point gained—,mutant sawfish meat eaten. one mutant geno point gained,,,0.65,1.0,0.9697,0.8914,Mutant Sawfish Meat Eaten. One Mutant Geno Point Gained...,geno_point_gain,likely
converted/Super Gene/chapters/067-chapter-67-mutant-sawfish.md,67,Chapter 67 : Mutant Sawfish,82,Mutant sawfish meat eaten. One mutant geno point gained—,mutant sawfish meat eaten. one mutant geno point gained,,,0.65,1.0,0.9697,0.8914,Mutant Sawfish Meat Eaten. One Mutant Geno Point Gained...,geno_point_gain,likely
converted/Super Gene/chapters/682-chapter-681-killed-the-bone-elephant.md,682,Chapter 681 : Killed the Bone Elephant,26,"Super Creature Hunted: Saint-Bone Elephant. The beast soul has not been acquired. Consume its flesh to obtain a random numeric amount of super geno points, ranging from zero to ten. You may also collect the Super Geno essence.","super creature hunted: saint bone elephant. the beast soul has not been acquired. consume its flesh to obtain a random numeric amount of super geno points, ranging from zero to ten. you may also collect the super geno essence.",,,0.75,0.9308,1.0,0.8849,"Super Creature Hunted: Saint-Bone Elephant. The Beast Soul Has Not Been Acquired. Consume Its Flesh To Obtain A Random Numeric Amount Of Super Geno Points, Ranging From Zero To Ten. You May Also Collect The Life Geno Essence.",beast_soul_result,likely
converted/Super Gene/chapters/1012-chapter-1011-killing-the-wolf-king.md,1012,Chapter 1011 - Killing the Wolf King,86,Sacred-Blood Creature Lightning Wolf killed. Beast soul gained. Consume its flesh gain zero to ten sacred geno points randomly.,sacred blood creature lightning wolf killed. beast soul gained. consume its flesh gain zero to ten sacred geno points randomly.,,,0.85,0.8673,1.0,0.878,Sacred-Blood Creature Lightning Wolf killed. Beast soul gained. Consume its Flesh to Gain Zero to Ten Sacred Geno Points Randomly.,beast_soul_result,likely
converted/Super Gene/chapters/1012-chapter-1011-killing-the-wolf-king.md,1012,Chapter 1011 - Killing the Wolf King,70,Sacred-Blood Creature Lightning Wolf killed. No beast soul gained. Consume its flesh to gain zero to ten sacred geno points randomly.,sacred blood creature lightning wolf killed. no beast soul gained. consume its flesh to gain zero to ten sacred geno points randomly.,,,0.85,0.8665,1.0,0.8776,Sacred-Blood Creature Lightning Wolf killed. Beast soul gained. Consume its Flesh to Gain Zero to Ten Sacred Geno Points Randomly.,beast_soul_result,likely
converted/Super Gene/chapters/786-chapter-785-silver-winged-holy-butterfly.md,786,Chapter 785 : Silver-Winged Holy Butterfly,30,Super Creature Silver-Winged Holy Butterfly killed. No beast soul gained. Eat the flesh to gain zero to ten super geno points randomly. You may also harvest its Super Geno essence. Consume its Super Geno essence to gain zero to ten super geno points randomly.,super creature silver winged holy butterfly killed. no beast soul gained. eat the flesh to gain zero to ten super geno points randomly. you may also harvest its super geno essence. consume its super geno essence to gain zero to ten super geno points randomly.,,,0.85,0.8637,1.0,0.8759,Super Creature Silver-Winged Holy Butterfly Killed. No Beast Soul Gained. Eat The Flesh To Gain Zero To Ten Super Geno Points Randomly. You May Also Harvest Its Life Geno Essence. Consume Its Life Geno Essence To Gain Zero To Ten Super Geno Points Randomly.,beast_soul_result,likely
converted/Super Gene/chapters/740-chapter-739-dark-silkworm.md,740,Chapter 739 : Dark Silkworm,62,"Mutant Creature Hunted: Dark Silkworm. The beast soul has been acquired. Consume its flesh to obtain a random numeric amount of mutant geno points, ranging from zero to ten.","mutant creature hunted: dark silkworm. the beast soul has been acquired. consume its flesh to obtain a random numeric amount of mutant geno points, ranging from zero to ten.",,,0.75,0.9135,1.0,0.8748,"Mutant Creature Hunted: Dark Silkworm. The Beast Soul Has Not Been Acquired. Consume Its Flesh To Obtain A Random Numeric Amount Of Mutant Geno Points, Ranging From Zero To Ten.",beast_soul_result,likely
converted/Super Gene/chapters/819-chapter-818-steel-knight-king.md,819,Chapter 818 : Steel-Knight King,94,"Moment Queen killed the Super Creature Steel-Knight King. The beast soul has been gained. The flesh of this creature is inedible, but you may harvest its Super Geno essence. Consume its Super Geno essence to gain zero to ten super geno points randomly.","moment queen killed the super creature steel knight king. the beast soul has been gained. the flesh of this creature is inedible, but you may harvest its super geno essence. consume its super geno essence to gain zero to ten super geno points randomly.",,,0.85,0.8513,1.0,0.8687,"Moment Queen Killed The Super Creature Steel-Knight King. The Beast Soul Has Been Gained. The Flesh Of This Creature Is Inedible, But You May Harvest Its Life Geno Essence. Consume Its Life Geno Essence To Gain Zero To Ten Super Geno Points Randomly.",beast_soul_result,likely
converted/Super Gene/chapters/701-chapter-700-maxing-out-sacred-geno-points.md,701,Chapter 700 : Maxing Out Sacred Geno Points,64,Subterranean Devil Ant King Baby consumed. You have received one super geno point.,subterranean devil ant king baby consumed. you have received one super geno point.,,,0.55,1.0,1.0,0.865,Subterranean Devil Ant King Baby Consumed. You Have Received One Super Geno Point.,geno_point_gain,likely
converted/Super Gene/chapters/701-chapter-700-maxing-out-sacred-geno-points.md,701,Chapter 700 : Maxing Out Sacred Geno Points,86,Subterranean Devil Ant Baby consumed. You have received one sacred geno point.,subterranean devil ant baby consumed. you have received one sacred geno point.,,,0.55,1.0,1.0,0.865,Subterranean Devil Ant Baby Consumed. You Have Received One Sacred Geno Point.,geno_point_gain,likely
converted/Super Gene/chapters/701-chapter-700-maxing-out-sacred-geno-points.md,701,Chapter 700 : Maxing Out Sacred Geno Points,98,Subterranean Devil Ant flesh consumed. You have received one sacred geno point.,subterranean devil ant flesh consumed. you have received one sacred geno point.,,,0.55,1.0,1.0,0.865,Subterranean Devil Ant Flesh Consumed. You Have Received One Sacred Geno Point.,geno_point_gain,likely
converted/Super Gene/chapters/725-chapter-724-big-reward.md,725,Chapter 724 : Big Reward,98,Thousand-Blade Blood Dragon Baby consumed. You have received one super geno point.,thousand blade blood dragon baby consumed. you have received one super geno point.,,,0.55,1.0,1.0,0.865,Thousand-Blade Blood Dragon Baby Consumed. You Have Received One Super Geno Point.,geno_point_gain,likely
converted/Super Gene/chapters/748-chapter-747-an-uncompleted-build.md,748,Chapter 747 : An Uncompleted Build,88,You have consumed the flesh of a super creature; your super geno point total has increased by one.,you have consumed the flesh of a super creature; your super geno point total has increased by one.,,,0.55,1.0,1.0,0.865,You Have Consumed The Flesh Of A Super Creature; Your Super Geno Point Total Has Increased By One.,geno_point_gain,likely
converted/Super Gene/chapters/782-chapter-781-getting-another-super-beast-soul.md,782,Chapter 781 : Getting Another Super Beast Soul,64,Super Creature Devil-Eye Spider Baby killed. Beast soul gained. Eat the flesh of the Devil-Eye Spider Baby to gain zero to ten super geno points randomly. You may also harvest its Super Geno essence. Consume its Super Geno essence to gain zero to ten super geno points randomly.,super creature devil eye spider baby killed. beast soul gained. eat the flesh of the devil eye spider baby to gain zero to ten super geno points randomly. you may also harvest its super geno essence. consume its super geno essence to gain zero to ten super geno points randomly.,,,0.75,0.8867,1.0,0.8593,Super Creature Devil-Eye Spider Baby Killed. Beast Soul Gained. Eat The Flesh Of The Devil-Eye Spider Baby To Gain Zero To Ten Super Geno Points Randomly. You May Also Harvest Its Life Geno Essence. Consume Its Life Geno Essence To Gain Zero To Ten Super Geno Points Randomly.,beast_soul_result,likely
converted/Super Gene/chapters/866-chapter-865-attacking-devil-blood-shelter.md,866,Chapter 865 : Attacking Devil-Blood Shelter,50,"Super Creature Tiger-Wolf Beast killed. No beast soul gained. The flesh of this creature is inedible, but you may harvest its Super Geno Essence. Consume its Super Geno Essence to obtain zero to ten super geno points randomly.","super creature tiger wolf beast killed. no beast soul gained. the flesh of this creature is inedible, but you may harvest its super geno essence. consume its super geno essence to obtain zero to ten super geno points randomly.",,,0.85,0.828,1.0,0.8553,"Super Creature Tiger-Wolf Beast Killed. No Beast Soul Gained. The Flesh Of This Creature Is Inedible, But You May Harvest Its Life Geno Essence. Consume Its Life Geno Essence To Obtain Zero To Ten Super Geno Points Randomly.",beast_soul_result,likely
converted/Super Gene/chapters/799-chapter-798-getting-into-the-shelter.md,799,Chapter 798 : Getting into the Shelter,82,"Super Creature Mirage-Gas Freak killed. No beast soul gained. The flesh of this creature is inedible, but you may harvest its Super Geno essence. Consume its Super Geno essence to gain zero to ten super geno points randomly.","super creature mirage gas freak killed. no beast soul gained. the flesh of this creature is inedible, but you may harvest its super geno essence. consume its super geno essence to gain zero to ten super geno points randomly.",,,0.85,0.8273,1.0,0.8548,"Super Creature Mirage-Gas Freak Killed. No Beast Soul Gained. The Flesh Of This Creature Is Inedible, But You May Harvest Its Life Geno Essence. Consume Its Life Geno Essence To Gain Zero To Ten Super Geno Points Randomly.",beast_soul_result,likely
converted/Super Gene/chapters/879-chapter-878-killing-thunder-bull.md,879,Chapter 878 : Killing Thunder-bull,82,"Super Creature Thunder-Devil Bull killed. No beast soul gained. The flesh of this creature is edible, and you may harvest its Super Geno Essence. Consume its Super Geno Essence to gain zero to ten super geno points randomly.","super creature thunder devil bull killed. no beast soul gained. the flesh of this creature is edible, and you may harvest its super geno essence. consume its super geno essence to gain zero to ten super geno points randomly.",,,0.85,0.8268,1.0,0.8546,"Super Creature Thunder-Devil Bull Killed. No Beast Soul Gained. The Flesh Of This Creature Is Edible, And You May Harvest Its Life Geno Essence. Consume Its Life Geno Essence To Gain Zero To Ten Super Geno Points Randomly.",beast_soul_result,likely
converted/Super Gene/chapters/1134-chapter-1133-transparent-king-scorpion-beast-soul.md,1134,Chapter 1133 - Transparent King Scorpion Beast Soul,38,"Berserk Super Creature Transparent King Scorpion killed. Beast soul gained. The flesh of this creature is inedible, but you may harvest its Super Geno Essence. Consume its Super Geno Essence to gain zero to ten super geno points randomly.","berserk super creature transparent king scorpion killed. beast soul gained. the flesh of this creature is inedible, but you may harvest its super geno essence. consume its super geno essence to gain zero to ten super geno points randomly.",,,0.85,0.8256,1.0,0.8538,"Berserk Super Creature Transparent King Scorpion Killed. Beast Soul Gained. the Flesh of This Creature Is Inedible, but You May Harvest Its Life Geno Essence. Consume Its Life Geno Essence to Gain Zero to Ten Super Geno Points Randomly.",beast_soul_result,likely
converted/Super Gene/chapters/851-chapter-850-killing-continuously.md,851,Chapter 850 : Killing Continuously,98,"Super Creature Holy Lightshield Bug killed. No beast soul gained. The flesh of this creature is edible, and you may harvest its Super Geno Essence. Consume its Super Geno Essence gain zero to ten super geno points randomly.","super creature holy lightshield bug killed. no beast soul gained. the flesh of this creature is edible, and you may harvest its super geno essence. consume its super geno essence gain zero to ten super geno points randomly.",,,0.85,0.8253,1.0,0.8537,"Super Creature Holy Lightshield Bug Killed. No Beast Soul Gained. The Flesh Of This Creature Is Edible, And You May Harvest Its Life Geno Essence. Consume Its Life Geno Essence Gain Zero To Ten Super Geno Points Randomly.",beast_soul_result,likely
converted/Super Gene/chapters/856-chapter-855-opening-a-chest.md,856,Chapter 855 : Opening a Chest,64,"Super Creature Silver-Blood Macaque killed. Beast soul gained. The flesh of this creature is edible, and you may harvest its Super Geno Essence. Consume its Super Geno Essence to gain zero to ten super geno points randomly.","super creature silver blood macaque killed. beast soul gained. the flesh of this creature is edible, and you may harvest its super geno essence. consume its super geno essence to gain zero to ten super geno points randomly.",,,0.85,0.8236,1.0,0.8527,"Super Creature Silver-Blood Macaque Killed. Beast Soul Gained. The Flesh Of This Creature Is Edible, And You May Harvest Its Life Geno Essence. Consume Its Life Geno Essence To Gain Zero To Ten Super Geno Points Randomly.",beast_soul_result,likely
converted/Super Gene/chapters/874-chapter-873-blood-bone-knife.md,874,Chapter 873 : Blood-Bone Knife,110,"Super Creature Riverbank Wyrm killed. No beast soul gained. The flesh of this creature is edible, and you may harvest its Super Geno Essence. Consume its Super Geno Essence to gain zero to ten super geno points randomly.","super creature riverbank wyrm killed. no beast soul gained. the flesh of this creature is edible, and you may harvest its super geno essence. consume its super geno essence to gain zero to ten super geno points randomly.",,,0.85,0.8225,1.0,0.852,"Super Creature Riverbank Wyrm Killed. No Beast Soul Gained. The Flesh Of This Creature Is Edible, And You May Harvest Its Life Geno Essence. Consume Its Life Geno Essence To Gain Zero To Ten Super Geno Points Randomly.",beast_soul_result,likely
converted/Super Gene/chapters/866-chapter-865-attacking-devil-blood-shelter.md,866,Chapter 865 : Attacking Devil-Blood Shelter,68,"Super Creature Muscle Beast killed. No beast soul gained. The flesh of this creature is inedible, but you may harvest its Super Geno Essence. Consume its Super Geno Essence to obtain zero to ten super geno points randomly.","super creature muscle beast killed. no beast soul gained. the flesh of this creature is inedible, but you may harvest its super geno essence. consume its super geno essence to obtain zero to ten super geno points randomly.",,,0.85,0.8218,1.0,0.8516,"Super Creature Muscle Beast Killed. No Beast Soul Gained. The Flesh Of This Creature Is Inedible, But You May Harvest Its Life Geno Essence. Consume Its Life Geno Essence To Obtain Zero To Ten Super Geno Points Randomly.",beast_soul_result,likely
converted/Super Gene/chapters/851-chapter-850-killing-continuously.md,851,Chapter 850 : Killing Continuously,44,"Super Creature Cruel Witch killed. No beast soul gained. The flesh of this creature is edible, and you may harvest its Super Geno Essence. Consume its Super Geno Essence to gain zero to ten super geno points randomly.","super creature cruel witch killed. no beast soul gained. the flesh of this creature is edible, and you may harvest its super geno essence. consume its super geno essence to gain zero to ten super geno points randomly.",,,0.85,0.8202,1.0,0.8507,"Super Creature Cruel Witch Killed. No Beast Soul Gained. The Flesh Of This Creature Is Edible, And You May Harvest Its Life Geno Essence. Consume Its Life Geno Essence To Gain Zero To Ten Super Geno Points Randomly.",beast_soul_result,likely
converted/Super Gene/chapters/1074-chapter-1073-disloyal-knight-s-coming.md,1074,Chapter 1073 - Disloyal Knight’s Coming,76,"Super Creature Devil Fang King killed. Beast soul gained. The flesh of this creature is edible, and you may harvest its Super Geno Essence. Consume its Super Geno Essence to gain zero to ten super geno points randomly.","super creature devil fang king killed. beast soul gained. the flesh of this creature is edible, and you may harvest its super geno essence. consume its super geno essence to gain zero to ten super geno points randomly.",,,0.85,0.8193,1.0,0.8502,"Super Creature Devil Fang King Killed. Beast Soul Gained. the Flesh of This Creature Is Edible, and You May Harvest Its Life Geno Essence. Consume Its Life Geno Essence to Gain Zero to Ten Super Geno Points Randomly.",beast_soul_result,likely
converted/Super Gene/chapters/1112-chapter-1111-squeezing-beast-souls.md,1112,Chapter 1111 - Squeezing Beast Souls,106,Ordinary-class Blood Turtle beast soul obtained.,ordinary class blood turtle beast soul obtained.,,,0.5,1.0,1.0,0.85,Ordinary-Class Blood Turtle Beast Soul Obtained.,beast_soul_result,likely
converted/Super Gene/chapters/1113-chapter-1112-lucky-bao-er.md,1113,Chapter 1112 - Lucky Bao’er,20,Ordinary-class Blood Fly beast soul obtained.,ordinary class blood fly beast soul obtained.,,,0.5,1.0,1.0,0.85,Ordinary-Class Blood Fly Beast Soul Obtained.,beast_soul_result,likely
converted/Super Gene/chapters/717-chapter-716-son-of-god-reward.md,717,Chapter 716 : Son of God Reward,38,You have obtained a super beast soul: Devil Unicorn.,you have obtained a super beast soul: devil unicorn.,,,0.5,1.0,1.0,0.85,You Have Obtained A Super Beast Soul: Devil Unicorn.,beast_soul_result,likely
converted/Super Gene/chapters/936-chapter-935-zero-the-lucky-goddess.md,936,"Chapter 935 : Zero, the Lucky Goddess",24,Mutant Pet Beast Soul Obtained; Dragon-Blood Snake.,mutant pet beast soul obtained; dragon blood snake.,,,0.5,1.0,1.0,0.85,Mutant Pet Beast Soul Obtained; Dragon-Blood Snake.,beast_soul_result,likely
converted/Super Gene/chapters/780-chapter-779-flower-creature.md,780,Chapter 779 : Flower Creature,26,"Super Creature Emerald Golem killed. No beast soul gained. The flesh of this creature is inedible, but you may harvest its Super Geno essence. Consume its Super Geno essence to gain zero to ten super geno points randomly.","super creature emerald golem killed. no beast soul gained. the flesh of this creature is inedible, but you may harvest its super geno essence. consume its super geno essence to gain zero to ten super geno points randomly.",,,0.85,0.8177,1.0,0.8493,"Super Creature Emerald Golem Killed. No Beast Soul Gained. The Flesh Of This Creature Is Inedible, But You May Harvest Its Life Geno Essence. Consume Its Life Geno Essence To Gain Zero To Ten Super Geno Points Randomly.",beast_soul_result,likely
converted/Super Gene/chapters/847-chapter-846-little-fox-master.md,847,Chapter 846 : Little Fox Master,44,"Super Creature Flaming Minotaur killed. No beast soul gained. The flesh of this creature is inedible, but you may harvest its Super Geno Essence. Consume its Super Geno Essence to gain zero to ten super geno points randomly.","super creature flaming minotaur killed. no beast soul gained. the flesh of this creature is inedible, but you may harvest its super geno essence. consume its super geno essence to gain zero to ten super geno points randomly.",,,0.85,0.8171,1.0,0.8489,"Super Creature Flaming Minotaur Killed. No Beast Soul Gained. The Flesh Of This Creature Is Inedible, But You May Harvest Its Life Geno Essence. Consume Its Life Geno Essence To Gain Zero To Ten Super Geno Points Randomly.",beast_soul_result,likely
converted/Super Gene/chapters/1111-chapter-1110-super-armour.md,1111,Chapter 1110 - Super Armour,88,"Super Creature Devil-Blood Mantis killed. Beast soul gained. The flesh of this creature is inedible, but you may harvest its Super Geno Essence. Consume its Super Geno Essence to gain zero to ten super geno points randomly.","super creature devil blood mantis killed. beast soul gained. the flesh of this creature is inedible, but you may harvest its super geno essence. consume its super geno essence to gain zero to ten super geno points randomly.",,,0.85,0.8154,1.0,0.8479,"Super Creature Devil-Blood Mantis Killed. Beast Soul Gained. the Flesh of This Creature Is Inedible, but You May Harvest Its Life Geno Essence. Consume Its Life Geno Essence to Gain Zero to Ten Super Geno Points Randomly.",beast_soul_result,likely
converted/Super Gene/chapters/811-chapter-810-summoning-a-pet.md,811,Chapter 810 : Summoning a Pet,68,"Super Creature Spirit Owl killed. Beast soul gained. The flesh of this creature is inedible, but you may harvest its Super Geno Essence. Consume its Super Geno Essence to gain zero to ten super geno points randomly.","super creature spirit owl killed. beast soul gained. the flesh of this creature is inedible, but you may harvest its super geno essence. consume its super geno essence to gain zero to ten super geno points randomly.",,,0.85,0.8128,1.0,0.8464,"Super Creature Spirit Owl Killed. Beast Soul Gained. The Flesh Of This Creature Is Inedible, But You May Harvest Its Life Geno Essence. Consume Its Life Geno Essence To Gain Zero To Ten Super Geno Points Randomly.",beast_soul_result,likely
converted/Super Gene/chapters/1190-chapter-1189-killing-sky-king.md,1190,Chapter 1189 - Killing Sky King,94,"Super Creature Sky Peacock killed. Beast soul gained. The flesh of this creature is inedible, but you may harvest its Super Geno Essence. Consume its Super Geno Essence to gain zero to ten super geno points randomly.","super creature sky peacock killed. beast soul gained. the flesh of this creature is inedible, but you may harvest its super geno essence. consume its super geno essence to gain zero to ten super geno points randomly.",,,0.85,0.8119,1.0,0.8459,"Super Creature Sky Peacock Killed. Beast Soul Gained. The Flesh of This Creature Is Inedible, but You May Harvest Its Life Geno Essence. Consume Its Life Geno Essence to Gain Zero to Ten Super Geno Points Randomly.",beast_soul_result,likely
converted/Super Gene/chapters/1261-chapter-1260-fish-king-s-reappearance.md,1261,Chapter 1260 - Fish King’s Reappearance,86,"Super Creature Abyssal Beast killed. Beast soul gained. The flesh of this creature is inedible, but you may harvest its Super Geno Essence. Consume its Super Geno Essence to gain zero to ten super geno points randomly.","super creature abyssal beast killed. beast soul gained. the flesh of this creature is inedible, but you may harvest its super geno essence. consume its super geno essence to gain zero to ten super geno points randomly.",,,0.85,0.8107,1.0,0.8452,"Super Creature Abyssal Beast killed. Beast Soul Gained. The Flesh of This Creature Is Inedible, but You May Harvest Its Life Geno Essence. Consume Its Life Geno Essence to Gain Zero to Ten Super Geno Points Randomly.",beast_soul_result,likely
converted/Super Gene/chapters/942-chapter-941-disloyal-knight-beast-soul.md,942,Chapter 941 : Disloyal Knight Beast Soul,52,"Super Creature Disloyal Knight killed. Beast soul gained. The flesh of this creature is inedible, but you may harvest its Super Geno Essence. Consume its Super Geno Essence to gain zero to ten super geno points randomly.","super creature disloyal knight killed. beast soul gained. the flesh of this creature is inedible, but you may harvest its super geno essence. consume its super geno essence to gain zero to ten super geno points randomly.",,,0.85,0.8106,1.0,0.8452,"Super Creature Disloyal Knight Killed. Beast Soul Gained. The Flesh Of This Creature Is Inedible, But You May Harvest Its Life Geno Essence. Consume Its Life Geno Essence To Gain Zero To Ten Super Geno Points Randomly.",beast_soul_result,likely
converted/Super Gene/chapters/847-chapter-846-little-fox-master.md,847,Chapter 846 : Little Fox Master,42,"Super Creature Windhawk killed. No beast soul gained. The flesh of this creature is inedible, but you may harvest its Super Geno Essence. Consume its Super Geno Essence to gain zero to ten super geno points randomly.","super creature windhawk killed. no beast soul gained. the flesh of this creature is inedible, but you may harvest its super geno essence. consume its super geno essence to gain zero to ten super geno points randomly.",,,0.85,0.8079,1.0,0.8436,"Super Creature Windhawk Killed. No Beast Soul Gained. The Flesh Of This Creature Is Inedible, But You May Harvest Its Life Geno Essence. Consume Its Life Geno Essence To Gain Zero To Ten Super Geno Points Randomly.",beast_soul_result,likely
converted/Super Gene/chapters/783-chapter-782-second-absorption.md,783,Chapter 782 : Second Absorption,20,Super Creature Devil-Eye Spider killed. No beast soul gained. You may harvest its Super Geno essence. Consume its Super Geno essence to gain zero to ten super geno points randomly.,super creature devil eye spider killed. no beast soul gained. you may harvest its super geno essence. consume its super geno essence to gain zero to ten super geno points randomly.,,,0.85,0.7845,1.0,0.83,Super Creature Devil-Eye Spider Killed. No Beast Soul Gained. You May Harvest Its Life Geno Essence. Consume Its Life Geno Essence To Gain Zero To Ten Super Geno Points Randomly.,beast_soul_result,likely
converted/Super Gene/chapters/894-chapter-893-three-second-hero.md,894,Chapter 893 : Three-Second Hero,84,Ordinary Creature Coin Toad killed. No beast soul gained. Consume its flesh to obtain zero to ten ordinary geno points randomly.,ordinary creature coin toad killed. no beast soul gained. consume its flesh to obtain zero to ten ordinary geno points randomly.,,,0.85,0.7891,0.978,0.83,Ordinary Creature Dollar Toad Killed. No Beast Soul Gained. Consume Its Flesh To Obtain Zero To Ten Ordinary Geno Points Randomly.,beast_soul_result,likely
converted/Super Gene/chapters/598-chapter-597-invitation.md,598,Chapter 597 : Invitation,34,"Princess Yin and Princess Yang slew the Silver Beetle Mother. The beast soul was not acquired. Consume its flesh to obtain a random numeric amount of sacred geno points, ranging from zero to ten.","princess yin and princess yang slew the silver beetle mother. the beast soul was not acquired. consume its flesh to obtain a random numeric amount of sacred geno points, ranging from zero to ten.",,,0.4,1.0,1.0,0.82,"Princess Yin And Princess Yang Slew The Silver Beetle Mother. The Beast Soul Was Not Acquired. Consume Its Flesh To Obtain A Random Numeric Amount Of Sacred Geno Points, Ranging From Zero To Ten.",beast_soul_result,likely
converted/Super Gene/chapters/1176-chapter-1175-mystic-paper.md,1176,Chapter 1175 - Mystic Paper,16,Life Geno Essence absorbed: super geno points +1.,life geno essence absorbed: super geno points +1.,<!-- source: span.dropcap -->,,0.4,1.0,0.9773,0.8173,Life Geno Essence absorbed. Super Geno Points +1.,life_essence,likely
converted/Super Gene/chapters/673-chapter-672-hail-to-the-leader.md,673,Chapter 672 : Hail to the Leader,68,"Super Creature Hunted: Giant Frosty Bear. The beast soul has not been acquired. The flesh of this creature is inedible, but you may harvest its Super Geno essence. Consume its Super Geno essence to obtain a random numeric amount of super geno points, ranging from zero to ten.","super creature hunted: giant frosty bear. the beast soul has not been acquired. the flesh of this creature is inedible, but you may harvest its super geno essence. consume its super geno essence to obtain a random numeric amount of super geno points, ranging from zero to ten.",,,0.65,0.8652,1.0,0.8168,"Super Creature Hunted: Giant Frosty Bear. The Beast Soul Has Not Been Acquired. The Flesh Of This Creature Is Inedible, But You May Harvest Its Life Geno Essence. Consume Its Life Geno Essence To Obtain A Random Numeric Amount Of Super Geno Points, Ranging From Zero To Ten.",beast_soul_result,likely
converted/Super Gene/chapters/647-chapter-646-t-rex-beast-soul.md,647,Chapter 646 : T-Rex Beast Soul,32,"Super Creature Hunted: Fire-Scale T-rex. The beast soul has been acquired. The flesh of this creature is inedible, but you may harvest its Super Geno essence. Consume its Super Geno essence to obtain a random numeric amount of super geno points, ranging from zero to ten.","super creature hunted: fire scale t rex. the beast soul has been acquired. the flesh of this creature is inedible, but you may harvest its super geno essence. consume its super geno essence to obtain a random numeric amount of super geno points, ranging from zero to ten.",,,0.65,0.8625,1.0,0.8153,"Super Creature Hunted: Fire-Scale T-Rex. The Beast Soul Has Been Acquired. The Flesh Of This Creature Is Inedible, But You May Harvest Its Life Geno Essence. Consume Its Life Geno Essence To Obtain A Random Numeric Amount Of Super Geno Points, Ranging From Zero To Ten.",beast_soul_result,likely
converted/Super Gene/chapters/1044-chapter-1043-getting-a-super-beast-soul.md,1044,Chapter 1043 - Getting a Super Beast Soul,100,Super Creature Devil-horn Sheep King killed. Beast soul gained. Its flesh is inedible and there is no Super Geno Essence for retrieval.,super creature devil horn sheep king killed. beast soul gained. its flesh is inedible and there is no super geno essence for retrieval.,,,0.65,0.8541,1.0,0.8104,Super Creature Devil-Horn Sheep King killed. Beast soul gained. Its flesh is inedible and there is no Life Geno Essence for retrieval.,beast_soul_result,likely
converted/Super Gene/chapters/1004-chapter-1003-the-fruit.md,1004,Chapter 1003 - The Fruit,42,Super King Self Spirit Gene +1.,super king self spirit gene +1.,,,0.30000000000000004,1.0,1.0,0.79,Super King Self Spirit Gene +1.,geno_point_gain,likely
converted/Super Gene/chapters/1004-chapter-1003-the-fruit.md,1004,Chapter 1003 - The Fruit,50,Super King Self Spirit Gene +1.,super king self spirit gene +1.,,,0.30000000000000004,1.0,1.0,0.79,Super King Self Spirit Gene +1.,geno_point_gain,likely
converted/Super Gene/chapters/1112-chapter-1111-squeezing-beast-souls.md,1112,Chapter 1111 - Squeezing Beast Souls,50,Ordinary-class Blood Firefly beast soul gained.,ordinary class blood firefly beast soul gained.,,,0.30000000000000004,1.0,1.0,0.79,Ordinary-Class Blood Firefly Beast Soul Gained.,beast_soul_result,likely
converted/Super Gene/chapters/1112-chapter-1111-squeezing-beast-souls.md,1112,Chapter 1111 - Squeezing Beast Souls,82,Primitive-class Blood-Ant beast soul gained.,primitive class blood ant beast soul gained.,,,0.30000000000000004,1.0,1.0,0.79,Primitive-Class Blood-Ant Beast Soul Gained.,beast_soul_result,likely
converted/Super Gene/chapters/1112-chapter-1111-squeezing-beast-souls.md,1112,Chapter 1111 - Squeezing Beast Souls,86,Ordinary-class Blood-Spider beast soul gained.,ordinary class blood spider beast soul gained.,,,0.30000000000000004,1.0,1.0,0.79,Ordinary-Class Blood-Spider Beast Soul Gained.,beast_soul_result,likely
converted/Super Gene/chapters/1724-chapter-1723-killing-a-xenogeneic.md,1724,Chapter 1723 - Killing a Xenogeneic,68,Xenogeneic Baron hunted; xenogeneic gene found.,xenogeneic baron hunted; xenogeneic gene found.,,,0.30000000000000004,1.0,1.0,0.79,Xenogeneic Baron hunted; Xenogeneic Gene Found.,xenogeneic_gene,likely
converted/Super Gene/chapters/1773-chapter-1772-searching-for-treasure.md,1773,Chapter 1772 - Searching for Treasure,38,Xenogeneic Viscount hunted; xenogeneic gene found: Old Elephant Man,xenogeneic viscount hunted; xenogeneic gene found: old elephant man,,,0.30000000000000004,1.0,1.0,0.79,Xenogeneic Viscount Hunted; Xenogeneic Gene Found: Old Elephant Man,xenogeneic_gene,likely
converted/Super Gene/chapters/1812-chapter-1811-slashing-demon.md,1812,Chapter 1811 - Slashing Demon,72,Xenogeneic Viscount hunted; xenogeneic gene found: Purple-Horn Demon.,xenogeneic viscount hunted; xenogeneic gene found: purple horn demon.,,,0.30000000000000004,1.0,1.0,0.79,Xenogeneic Viscount Hunted; Xenogeneic Gene Found: Purple-Horn Demon.,xenogeneic_gene,likely
converted/Super Gene/chapters/1985-chapter-1984-xenogeneic-geno-ar.md,1985,Chapter 1984 - Xenogeneic Geno Ar,18,Xenogeneic Earl hunted. Forest Bird: xenogeneic gene found.,xenogeneic earl hunted. forest bird: xenogeneic gene found.,,,0.30000000000000004,1.0,1.0,0.79,Xenogeneic Earl Hunted. Forest Bird: Xenogeneic Gene Found.,xenogeneic_gene,likely
converted/Super Gene/chapters/1985-chapter-1984-xenogeneic-geno-ar.md,1985,Chapter 1984 - Xenogeneic Geno Ar,48,Earl class xenogeneic geno art obtained: Ant Queen Mark,earl class xenogeneic geno art obtained: ant queen mark,,,0.30000000000000004,1.0,1.0,0.79,Earl Class Xenogeneic Geno Art Obtained: Ant Queen Mark,xenogeneic_gene,likely
converted/Super Gene/chapters/2159-chapter-2158-getting-beast-souls.md,2159,Chapter 2158 - Getting Beast Souls,20,Mutant Xenogeneic King hunted: Gold Demon Bug King. Xenogeneic gene found.,mutant xenogeneic king hunted: gold demon bug king. xenogeneic gene found.,,,0.30000000000000004,1.0,1.0,0.79,Mutant Xenogeneic King hunted: Gold Demon Bug King. Xenogeneic gene found.,xenogeneic_gene,likely
converted/Super Gene/chapters/2159-chapter-2158-getting-beast-souls.md,2159,Chapter 2158 - Getting Beast Souls,48,Mutant Xenogeneic King hunted: Gold Demon Bug King. Xenogeneic gene found.,mutant xenogeneic king hunted: gold demon bug king. xenogeneic gene found.,,,0.30000000000000004,1.0,1.0,0.79,Mutant Xenogeneic King hunted: Gold Demon Bug King. Xenogeneic gene found.,xenogeneic_gene,likely
converted/Super Gene/chapters/2718-chapter-2717-scary-ice-geno-art.md,2718,Chapter 2717 - Scary Ice Geno Art,64,Deified xenogeneic killed: Four-Eyed Wolf. Xenogeneic gene found.,deified xenogeneic killed: four eyed wolf. xenogeneic gene found.,,,0.30000000000000004,1.0,1.0,0.79,Deified Xenogeneic Killed: Four-Eyed Wolf. Xenogeneic Gene Found.,xenogeneic_gene,likely
converted/Super Gene/chapters/2807-chapter-2806-nine-defence-palace.md,2807,Chapter 2806 Nine-Defence Palace,84,Xenogeneic deified hunted. Black Demon Ape: deified xenogeneic gene found.,xenogeneic deified hunted. black demon ape: deified xenogeneic gene found.,,,0.30000000000000004,1.0,1.0,0.79,Xenogeneic Deified Hunted. Black Demon Ape: Deified Xenogeneic Gene Found.,xenogeneic_gene,likely
converted/Super Gene/chapters/304-chapter-304-devil-sword.md,304,Chapter 304 : Devil Sword,52,Beast soul identified. Sacred-blood beast soul devil sword gained.,beast soul identified. sacred blood beast soul devil sword gained.,,,0.30000000000000004,1.0,1.0,0.79,Beast Soul Identified. Sacred-Blood Beast Soul Devil Sword Gained.,beast_soul_result,likely
converted/Super Gene/chapters/693-chapter-692-absorbing-the-super-geno-essence.md,693,Chapter 692 : Absorbing the Super Geno Essence,20,Essence Absorbed: Saint-Bone Elephant. You have gained one super geno point.,essence absorbed: saint bone elephant. you have gained one super geno point.,,,0.30000000000000004,1.0,1.0,0.79,Essence Absorbed: Saint-Bone Elephant. You Have Gained One Super Geno Point.,life_essence,likely
converted/Super Gene/chapters/693-chapter-692-absorbing-the-super-geno-essence.md,693,Chapter 692 : Absorbing the Super Geno Essence,22,Essence Absorbed: Saint-Bone Elephant. You have gained one super geno point.,essence absorbed: saint bone elephant. you have gained one super geno point.,,,0.30000000000000004,1.0,1.0,0.79,Essence Absorbed: Saint-Bone Elephant. You Have Gained One Super Geno Point.,life_essence,likely
converted/Super Gene/chapters/975-chapter-974-mystic-stone-room.md,975,Chapter 974 - Mystic Stone Room,36,Super King Self Spirit Gene +1.,super king self spirit gene +1.,,,0.30000000000000004,1.0,1.0,0.79,Super King Self Spirit Gene +1.,geno_point_gain,likely
converted/Super Gene/chapters/975-chapter-974-mystic-stone-room.md,975,Chapter 974 - Mystic Stone Room,48,Super King Self Spirit Gene +1.,super king self spirit gene +1.,,,0.30000000000000004,1.0,1.0,0.79,Super King Self Spirit Gene +1.,geno_point_gain,likely
converted/Super Gene/chapters/1985-chapter-1984-xenogeneic-geno-ar.md,1985,Chapter 1984 - Xenogeneic Geno Ar,30,Earl Gene +1.,earl gene +1.,,,0.30000000000000004,1.0,0.96,0.7852,Earl Gene +1,geno_point_gain,likely
converted/Super Gene/chapters/1992-chapter-1991-picked-up-one.md,1992,Chapter 1991 - Picked Up One,28,Earl Gene +1.,earl gene +1.,,,0.30000000000000004,1.0,0.96,0.7852,Earl Gene +1,geno_point_gain,likely
converted/Super Gene/chapters/284-chapter-284-the-egg.md,284,Chapter 284 : The Egg,62,Egg broken. Identifying beast soul—,egg broken. identifying beast soul,,,0.30000000000000004,1.0,0.9577,0.7849,Egg Broken. Identifying Beast Soul...,beast_soul_result,likely
converted/Super Gene/chapters/304-chapter-304-devil-sword.md,304,Chapter 304 : Devil Sword,48,Identifying beast soul—,identifying beast soul,,,0.30000000000000004,1.0,0.9362,0.7823,Identifying Beast Soul...,beast_soul_result,likely
converted/Super Gene/chapters/072-chapter-72-hunting-frenzy.md,72,Chapter 72 : Hunting Frenzy,58,Mutant black stinger killed. Beast soul of mutant black stinger gained. Eat its meat to gain zero to ten mutant geno points randomly.,mutant black stinger killed. beast soul of mutant black stinger gained. eat its meat to gain zero to ten mutant geno points randomly.,,,0.85,0.6904,0.9902,0.7743,Mutant Black Stinger Killed. No Beast Soul Gained. Eat Its Meat To Gain Zero To Ten Mutant Geno Points Randomly.,beast_soul_result,likely
converted/Super Gene/chapters/896-chapter-895-copper-fruit.md,896,Chapter 895 : Copper Fruit,20,Coin Toad consumed. You have received one ordinary geno point.,coin toad consumed. you have received one ordinary geno point.,,,0.55,0.8469,0.958,0.7711,Dollar Toad Consumed. You Have Received One Ordinary Geno Point.,geno_point_gain,likely
converted/Super Gene/chapters/1248-chapter-1247-shape-shifting-knight.md,1248,Chapter 1247 - Shape-shifting Knight,86,"Super Creature Lake Lobster killed. No beast soul gained. The flesh of this creature can be consumed, and you may also harvest its Super Geno Essence. Consume its Super Geno Essence to gain zero to ten super geno points randomly.","super creature lake lobster killed. no beast soul gained. the flesh of this creature can be consumed, and you may also harvest its super geno essence. consume its super geno essence to gain zero to ten super geno points randomly.",,,1.0,0.5979,0.9548,0.7614,"Super Creature Ice Wolf God Killed. Beast Soul Gained. the Flesh of This Creature Can Be Consumed, and You May Also Harvest Its Life Geno Essence. Consume Its Life Geno Essence to Gain Zero to Ten Super Geno Points Randomly. Will You Accept the Beast Soul?",beast_soul_result,likely
converted/Super Gene/chapters/006-chapter-6-armour-is-everything.md,6,Chapter 6 : Armour Is Everything,42,Primitive creature swift mantis killed —,primitive creature swift mantis killed,,,0.2,1.0,1.0,0.76,Primitive creature swift mantis killed ...,kill_announcement,likely
converted/Super Gene/chapters/1034-chapter-1033-taking-the-treasure.md,1034,Chapter 1033 - Taking the Treasure,42,Sacred-Geno Point +1.,sacred geno point +1.,,,0.2,1.0,1.0,0.76,Sacred-Geno Point +1.,geno_point_gain,likely
converted/Super Gene/chapters/1112-chapter-1111-squeezing-beast-souls.md,1112,Chapter 1111 - Squeezing Beast Souls,28,Blood-Demon Fruit has not yet matured; beast soul creation cannot be completed.,blood demon fruit has not yet matured; beast soul creation cannot be completed.,,,0.2,1.0,1.0,0.76,Blood-Demon Fruit Has Not Yet Matured; Beast Soul Creation Cannot Be Completed.,beast_soul_result,likely
converted/Super Gene/chapters/1257-chapter-1256-blood-river-king-s-battle-geno-essence.md,1257,Chapter 1256 - Blood River King’s Battle Geno Essence,62,Obtained Blood River King’s Battle Geno Essence.,obtained blood river king's battle geno essence.,,,0.2,1.0,1.0,0.76,Obtained Blood River King’s Battle Geno Essence.,unknown_voice,likely
converted/Super Gene/chapters/1257-chapter-1256-blood-river-king-s-battle-geno-essence.md,1257,Chapter 1256 - Blood River King’s Battle Geno Essence,78,Obtained Blood River King’s Battle Geno Essence.,obtained blood river king's battle geno essence.,,,0.2,1.0,1.0,0.76,Obtained Blood River King’s Battle Geno Essence.,unknown_voice,likely
converted/Super Gene/chapters/1258-chapter-1257-fighting-fire-with-fire.md,1258,Chapter 1257 - Fighting Fire with Fire,60,Obtained Blood River King’s Battle Geno Essence.,obtained blood river king's battle geno essence.,,,0.2,1.0,1.0,0.76,Obtained Blood River King’s Battle Geno Essence.,unknown_voice,likely
converted/Super Gene/chapters/1543-chapter-1542-claiming-god-light-tunnel.md,1543,Chapter 1542 - Claiming God-light Tunnel,22,Super Geno Core Split-Knife obtained.,super geno core split knife obtained.,,,0.2,1.0,1.0,0.76,Super Geno Core Split-Knife Obtained.,unknown_voice,likely
converted/Super Gene/chapters/1583-chapter-1582-blow-blood.md,1583,Chapter 1582 - Blow Blood,22,Obtained emperor geno core Blow Blood.,obtained emperor geno core blow blood.,,,0.2,1.0,1.0,0.76,Obtained Emperor Geno Core Blow Blood.,unknown_voice,likely
converted/Super Gene/chapters/1720-chapter-1719-xenogeneic-genes.md,1720,Chapter 1719 - Xenogeneic Genes,52,Xenogeneic Gene discovered.,xenogeneic gene discovered.,,,0.2,1.0,1.0,0.76,Xenogeneic Gene Discovered.,xenogeneic_gene,likely
converted/Super Gene/chapters/2008-chapter-2007-stone-statue.md,2008,Chapter 2007 - Stone Statue,46,Xenogeneic Gene Discovered.,xenogeneic gene discovered.,,,0.2,1.0,1.0,0.76,Xenogeneic Gene Discovered.,xenogeneic_gene,likely
converted/Super Gene/chapters/2823-chapter-2822-killing-a-god.md,2823,Chapter 2822 Killing a God,76,God spirit hunted. Found god spirit gene.,god spirit hunted. found god spirit gene.,,,0.2,1.0,1.0,0.76,God Spirit Hunted. Found God Spirit Gene.,hunted_announcement,likely
converted/Super Gene/chapters/2866-chapter-2865-judgement.md,2866,Chapter 2865 - Judgement,80,God spirit hunted. Found god spirit gene.,god spirit hunted. found god spirit gene.,,,0.2,1.0,1.0,0.76,God Spirit Hunted. Found God Spirit Gene.,hunted_announcement,likely
converted/Super Gene/chapters/3145-chapter-3144-annihilation-god-base.md,3145,Chapter 3144 - Annihilation God Base,76,Killed God Spirit gene race: Decapitation Queen. Found an Annihilation-class god base.,killed god spirit gene race: decapitation queen. found an annihilation class god base.,,,0.2,1.0,1.0,0.76,Killed God Spirit Gene Race: Decapitation Queen. Found an Annihilation-class God Base.,kill_announcement,likely
converted/Super Gene/chapters/3367-chapter-3366-killing-tail-fire-beast.md,3367,Chapter 3366 - Killing Tail Fire Beast,78,Break World beast hunted: Ultimate Tail Fire Beast. Found Break World gene.,break world beast hunted: ultimate tail fire beast. found break world gene.,,,0.2,1.0,1.0,0.76,Break World Beast Hunted: Ultimate Tail Fire Beast. Found Break World Gene.,hunted_announcement,likely
converted/Super Gene/chapters/717-chapter-716-son-of-god-reward.md,717,Chapter 716 : Son of God Reward,44,Super beast soul: Devil Unicorn. Possession beast soul.,super beast soul: devil unicorn. possession beast soul.,,,0.2,1.0,1.0,0.76,Super Beast Soul: Devil Unicorn. Possession Beast Soul.,beast_soul_result,likely
converted/Super Gene/chapters/1000-chapter-999-blue-ape.md,1000,Chapter 999 - Blue Ape,62,Sacred-Blood Creature Black Python killed. No beast soul gained. Consume its flesh to gain zero to ten sacred geno points randomly.,sacred blood creature black python killed. no beast soul gained. consume its flesh to gain zero to ten sacred geno points randomly.,,,0.85,0.6632,0.9515,0.7538,Sacred-Blood Creature Ghost Fang Killed. No Beast Soul Gained. Consume Its Flesh to Gain Zero to Ten Sacred Geno Points Randomly.,beast_soul_result,likely
converted/Super Gene/chapters/1598-chapter-1597-we-ll-meet-again.md,1598,Chapter 1597 - We’ll Meet Again,48,Super Creature Blood Bone Demon killed. No beast soul gained. Geno core unobtained. Flesh inedible. Consume the Super Geno Essence to gain zero to ten super geno points randomly.,super creature blood bone demon killed. no beast soul gained. geno core unobtained. flesh inedible. consume the super geno essence to gain zero to ten super geno points randomly.,,,1.0,0.5973,0.8816,0.7522,Super Creature Bloodthirsty Ant King Killed. Beast Soul Gained. Geno Core Unobtained. Flesh Inedible. Consume the Life Geno Essence to Gain Zero to Ten Super Geno Points.,beast_soul_result,likely
converted/Super Gene/chapters/1019-chapter-1018-crazy.md,1019,Chapter 1018 - Crazy,74,Sacred-Blood Creature Armoured Turtle killed. Beast soul gained. Consume its flesh to gain zero to ten sacred geno points randomly.,sacred blood creature armoured turtle killed. beast soul gained. consume its flesh to gain zero to ten sacred geno points randomly.,,,0.85,0.6517,0.9333,0.745,Sacred-Blood Creature Lightning Wolf killed. Beast soul gained. Consume its Flesh to Gain Zero to Ten Sacred Geno Points Randomly.,beast_soul_result,likely
converted/Super Gene/chapters/1750-chapter-1749-killing-feather.md,1750,Chapter 1749 - Killing Feather,94,Xenogeneic Baron hunted; xenogeneic gene found. Gold Feather Witch xenogeneic beast soul obtained.,xenogeneic baron hunted; xenogeneic gene found. gold feather witch xenogeneic beast soul obtained.,,,0.9500000000000001,0.5855,1.0,0.7446,Xenogeneic Baron Hunted; Xenogeneic Gene Found. Xenogeneic Beast Soul Obtained.,xenogeneic_gene,likely
converted/Super Gene/chapters/1124-chapter-1123-metal-card.md,1124,Chapter 1123 - Metal Card,62,"Super Creature Cruel Spider King killed. No beast soul gained. The flesh of this creature is inedible, but you may harvest its Super Geno Essence. Consume its Super Geno Essence to gain zero to ten super geno points randomly.","super creature cruel spider king killed. no beast soul gained. the flesh of this creature is inedible, but you may harvest its super geno essence. consume its super geno essence to gain zero to ten super geno points randomly.",,,0.85,0.6454,0.9588,0.7444,"Super Creature Windhawk Killed. No Beast Soul Gained. The Flesh Of This Creature Is Inedible, But You May Harvest Its Life Geno Essence. Consume Its Life Geno Essence To Gain Zero To Ten Super Geno Points Randomly.",beast_soul_result,likely
converted/Super Gene/chapters/1790-chapter-1789-the-meeting-of-one-palm.md,1790,Chapter 1789 - The Meeting of One Palm,18,Xenogeneic Viscount hunted; xenogeneic gene found. Xenogeneic beast soul obtained: Steel Centaur.,xenogeneic viscount hunted; xenogeneic gene found. xenogeneic beast soul obtained: steel centaur.,,,0.9500000000000001,0.6181,0.8367,0.7439,Xenogeneic Baron Hunted; Xenogeneic Gene Found. Xenogeneic Beast Soul Obtained.,xenogeneic_gene,likely
converted/Super Gene/chapters/1213-chapter-1212-ghost-toxic-chi-egg.md,1213,Chapter 1212 - Ghost-Toxic Chi Egg,16,"Super Creature Ghost-Toxic Chi killed. No beast soul gained. The flesh of this creature is inedible, but you may harvest its Super Geno Essence. Consume its Super Geno Essence to gain zero to ten super geno points randomly.","super creature ghost toxic chi killed. no beast soul gained. the flesh of this creature is inedible, but you may harvest its super geno essence. consume its super geno essence to gain zero to ten super geno points randomly.",<!-- source: span.dropcap -->,,0.85,0.6414,0.9588,0.7421,"Super Creature Windhawk Killed. No Beast Soul Gained. The Flesh Of This Creature Is Inedible, But You May Harvest Its Life Geno Essence. Consume Its Life Geno Essence To Gain Zero To Ten Super Geno Points Randomly.",beast_soul_result,likely
converted/Super Gene/chapters/1810-chapter-1809-rabbit-teeth.md,1810,Chapter 1809 - Rabbit Teeth,88,Xenogeneic Duke hunted; xenogeneic gene found. Xenogeneic beast soul obtained: Teeth Rabbit.,xenogeneic duke hunted; xenogeneic gene found. xenogeneic beast soul obtained: teeth rabbit.,,,0.9500000000000001,0.6133,0.8367,0.7411,Xenogeneic Baron Hunted; Xenogeneic Gene Found. Xenogeneic Beast Soul Obtained.,xenogeneic_gene,likely
converted/Super Gene/chapters/1305-chapter-1304-endless-sea.md,1305,Chapter 1304 - Endless Sea,62,"Super Creature Two-Headed Shark killed. No beast soul gained. The flesh of this creature is inedible, but you may harvest its Super Geno Essence. Consume its Super Geno Essence to gain zero to ten super geno points randomly.","super creature two headed shark killed. no beast soul gained. the flesh of this creature is inedible, but you may harvest its super geno essence. consume its super geno essence to gain zero to ten super geno points randomly.",,,0.85,0.6395,0.9588,0.741,"Super Creature Windhawk Killed. No Beast Soul Gained. The Flesh Of This Creature Is Inedible, But You May Harvest Its Life Geno Essence. Consume Its Life Geno Essence To Gain Zero To Ten Super Geno Points Randomly.",beast_soul_result,likely
converted/Super Gene/chapters/1325-chapter-1324-strong-body.md,1325,Chapter 1324 - Strong Body,38,"Berserk Super Creature Black Dragon killed. Beast soul gained. The flesh of this creature is inedible, but you may harvest its Super Geno Essence. Consume its Super Geno Essence to gain zero to ten super geno points randomly.”","berserk super creature black dragon killed. beast soul gained. the flesh of this creature is inedible, but you may harvest its super geno essence. consume its super geno essence to gain zero to ten super geno points randomly.""",,,0.85,0.6387,0.9296,0.737,"Super Creature Abyssal Beast killed. Beast Soul Gained. The Flesh of This Creature Is Inedible, but You May Harvest Its Life Geno Essence. Consume Its Life Geno Essence to Gain Zero to Ten Super Geno Points Randomly.",beast_soul_result,likely
converted/Super Gene/chapters/1892-chapter-1891-red-mist-mink.md,1892,Chapter 1891 - Red Mist Mink,74,Red Mist Mink Xenogeneic Earl hunted; xenogeneic gene found. Xenogeneic beast soul obtained.,red mist mink xenogeneic earl hunted; xenogeneic gene found. xenogeneic beast soul obtained.,,,0.9500000000000001,0.5805,0.9444,0.735,Xenogeneic Baron Hunted; Xenogeneic Gene Found. Xenogeneic Beast Soul Obtained.,xenogeneic_gene,likely
converted/Super Gene/chapters/1275-chapter-1274-killing-the-empress-and-obtaining-a-beast-soul.md,1275,Chapter 1274 - Killing the Empress and Obtaining a Beast Soul,94,"Berserk Super Creature Serpent Throne killed. Beast soul gained. The flesh of this creature is inedible, but you may harvest its Super Geno Essence. Consume its Super Geno Essence to gain zero to ten super geno points randomly.","berserk super creature serpent throne killed. beast soul gained. the flesh of this creature is inedible, but you may harvest its super geno essence. consume its super geno essence to gain zero to ten super geno points randomly.",,,0.85,0.6271,0.961,0.7341,"Super Creature Abyssal Beast killed. Beast Soul Gained. The Flesh of This Creature Is Inedible, but You May Harvest Its Life Geno Essence. Consume Its Life Geno Essence to Gain Zero to Ten Super Geno Points Randomly.",beast_soul_result,likely
converted/Super Gene/chapters/2083-chapter-2082-blue-gold-demon-bug.md,2083,Chapter 2082 - Blue Gold Demon Bug,40,Mutant Xenogeneic King hunted. Blue Gold Demon Bug King: xenogeneic gene found. Obtained Blue Gold Demon Bug King beast soul.,mutant xenogeneic king hunted. blue gold demon bug king: xenogeneic gene found. obtained blue gold demon bug king beast soul.,,,0.9500000000000001,0.5917,0.875,0.7332,Mutant Xenogeneic King hunted: Gold Demon Bug King. Xenogeneic gene found.,xenogeneic_gene,likely
converted/Super Gene/chapters/118-chapter-118-fairy-queen-beast-soul.md,118,Chapter 118 : Fairy Queen Beast Soul,16,Sacred-blood creature shreeky beast killed. No beast soul gained. Eat its meat to gain zero to ten sacred geno points.,sacred blood creature shreeky beast killed. no beast soul gained. eat its meat to gain zero to ten sacred geno points.,<!-- source: span.dropcap -->,,0.85,0.6418,0.8603,0.7305,Sacred-Blood Black Stinger Killed. No Beast Soul Gained. Eat Its Meat To Gain Zero To Ten Sacred Geno Points Randomly.,beast_soul_result,likely
converted/Super Gene/chapters/1247-chapter-1246-battle-gene-beast-soul.md,1247,Chapter 1246 - Battle Gene Beast Soul,36,Would you like to absorb the Battle Gene Thunder Hammer?,would you like to absorb the battle gene thunder hammer?,,,0.1,1.0,1.0,0.73,Would you like to absorb the Battle Gene Thunder Hammer?,unknown_voice,likely
converted/Super Gene/chapters/3061-chapter-3060-beaten-to-an-egg.md,3061,Chapter 3060 - Beaten to an Egg,58,Got mutant god class gene race gold wing peacock king.,got mutant god class gene race gold wing peacock king.,,,0.1,1.0,1.0,0.73,Got Mutant God Class Gene Race Gold Wing Peacock King.,unknown_voice,likely
converted/Super Gene/chapters/3061-chapter-3060-beaten-to-an-egg.md,3061,Chapter 3060 - Beaten to an Egg,84,Got mutant god class gene race blood ghost spirit.,got mutant god class gene race blood ghost spirit.,,,0.1,1.0,1.0,0.73,Got mutant god class gene race blood ghost spirit.,unknown_voice,likely
converted/Super Gene/chapters/3068-chapter-3067-getting-upset-over-money.md,3068,Chapter 3067 - Getting Upset Over Money,24,Got god class gene race Holy Wen White Deer.,got god class gene race holy wen white deer.,,,0.1,1.0,1.0,0.73,Got god class gene race Holy Wen White Deer.,unknown_voice,likely
converted/Super Gene/chapters/3086-chapter-3085-blood-dragon-god-pulse.md,3086,Chapter 3085 - Blood Dragon God Pulse,20,Got blood dragon god genes. Blood dragon god pulse opened.,got blood dragon god genes. blood dragon god pulse opened.,,,0.1,1.0,1.0,0.73,Got Blood Dragon God Genes. Blood Dragon God Pulse Opened.,unknown_voice,likely
converted/Super Gene/chapters/3088-chapter-3087-exclusive-gene-race.md,3088,Chapter 3087 - Exclusive Gene Race,30,Got mutant god-class gene race blood dragon.,got mutant god class gene race blood dragon.,,,0.1,1.0,1.0,0.73,Got Mutant God-class Gene Race Blood Dragon.,unknown_voice,likely
converted/Super Gene/chapters/3091-chapter-3090-giving-blood-pulse.md,3091,Chapter 3090 - Giving Blood-Pulse,100,Perfect God Spirit Blood-Pulse.,perfect god spirit blood pulse.,,,0.1,1.0,1.0,0.73,Perfect God Spirit Blood-Pulse.,unknown_voice,likely
converted/Super Gene/chapters/3380-chapter-3379-nothing.md,3380,Chapter 3379 - Nothing,34,Evolution requirement reached. Super God Spirit mode is evolving.,evolution requirement reached. super god spirit mode is evolving.,,,0.1,1.0,1.0,0.73,Evolution requirement reached. Super God Spirit mode is evolving.,unknown_voice,likely
converted/Super Gene/chapters/693-chapter-692-absorbing-the-super-geno-essence.md,693,Chapter 692 : Absorbing the Super Geno Essence,90,"Announcement: The Second God’s Sanctuary’s Battle Arena has opened. Join the battlegrounds, for the holy battles begin in thirty-three days.","announcement: the second god's sanctuary's battle arena has opened. join the battlegrounds, for the holy battles begin in thirty three days.",,,0.1,1.0,1.0,0.73,"Announcement: The Second God's Sanctuary's Battle Arena Has Opened. Join The Battlegrounds, For The Holy Battles Begin In Thirty-Three Days.",system_notice,likely
converted/Super Gene/chapters/717-chapter-716-son-of-god-reward.md,717,Chapter 716 : Son of God Reward,28,Tenth Son of God.,tenth son of god.,,,0.1,1.0,1.0,0.73,Tenth Son Of God.,unknown_voice,likely
converted/Super Gene/chapters/894-chapter-893-three-second-hero.md,894,Chapter 893 : Three-Second Hero,90,Super body exhausted; super king spirit status cannot be maintained.,super body exhausted; super king spirit status cannot be maintained.,,,0.1,1.0,1.0,0.73,Super Body Exhausted; Super King Spirit Status Cannot Be Maintained.,system_notice,likely
converted/Super Gene/chapters/894-chapter-893-three-second-hero.md,894,Chapter 893 : Three-Second Hero,92,Super body exhausted; super king spirit status cannot be maintained.,super body exhausted; super king spirit status cannot be maintained.,,,0.1,1.0,1.0,0.73,Super Body Exhausted; Super King Spirit Status Cannot Be Maintained.,system_notice,likely
converted/Super Gene/chapters/936-chapter-935-zero-the-lucky-goddess.md,936,"Chapter 935 : Zero, the Lucky Goddess",34,Mutant Dragon-Blood Snake: Second Gene Lock Open.,mutant dragon blood snake: second gene lock open.,,,0.1,1.0,1.0,0.73,Mutant Dragon-Blood Snake: Second Gene Lock Open.,gene_lock,likely
converted/Super Gene/chapters/936-chapter-935-zero-the-lucky-goddess.md,936,"Chapter 935 : Zero, the Lucky Goddess",46,Mutant Dragon-Blood Snake: First Gene Lock Open,mutant dragon blood snake: first gene lock open,,,0.1,1.0,1.0,0.73,Mutant Dragon-Blood Snake: First Gene Lock Open,gene_lock,likely
converted/Super Gene/chapters/936-chapter-935-zero-the-lucky-goddess.md,936,"Chapter 935 : Zero, the Lucky Goddess",108,Mutant Dragon-Blood Snake: Sixth Gene Lock Open.,mutant dragon blood snake: sixth gene lock open.,,,0.1,1.0,1.0,0.73,Mutant Dragon-Blood Snake: Sixth Gene Lock Open.,gene_lock,likely
converted/Super Gene/chapters/936-chapter-935-zero-the-lucky-goddess.md,936,"Chapter 935 : Zero, the Lucky Goddess",62,Mutant Dragon-Blood Snake: First Gene Lock Open.,mutant dragon blood snake: first gene lock open.,,,0.1,1.0,0.9895,0.7287,Mutant Dragon-Blood Snake: First Gene Lock Open,gene_lock,likely
converted/Super Gene/chapters/438-chapter-437-berserk.md,438,Chapter 437 : Berserk,74,Berserk ice-armoured beast killed. Beast soul of berserk ice-armoured beast gained. Eat its meat to gain 0 to 10 primitive geno points.,berserk ice armoured beast killed. beast soul of berserk ice armoured beast gained. eat its meat to gain 0 to 10 primitive geno points.,,,0.85,0.5879,0.9949,0.7154,Berserk Ice-Armored Beast Killed. Beast Soul Of Berserk Ice-Armored Beast Gained. Eat Its Meat To Gain 0 To 10 Primitive Geno Points.,beast_soul_result,likely
converted/Super Gene/chapters/224-chapter-224-black-sheep.md,224,Chapter 224 : Black Sheep,34,Sacred-blood colour shifter killed. Beast soul of sacred-blood Colour Shifter gained. Eat its meat to gain zero to ten sacred geno points randomly.,sacred blood colour shifter killed. beast soul of sacred blood colour shifter gained. eat its meat to gain zero to ten sacred geno points randomly.,,,0.85,0.5861,0.9954,0.7144,Sacred-Blood Color Shifter Killed. Beast Soul Of Sacred-Blood Color Shifter Gained. Eat Its Meat To Gain Zero To Ten Sacred Geno Points Randomly.,beast_soul_result,likely
converted/Super Gene/chapters/748-chapter-747-an-uncompleted-build.md,748,Chapter 747 : An Uncompleted Build,16,"Super Creature Hunted: Twin-Tailed Purple Scorpion. The beast soul has not been acquired. The flesh of this creature is inedible, but you may harvest its Super Geno essence. Consume its Super Geno essence to obtain a random numeric amount of super geno points, ranging from zero to ten.","super creature hunted: twin tailed purple scorpion. the beast soul has not been acquired. the flesh of this creature is inedible, but you may harvest its super geno essence. consume its super geno essence to obtain a random numeric amount of super geno points, ranging from zero to ten.",<!-- source: span.dropcap -->,,0.65,0.6807,0.945,0.7032,"Super Creature Hunted: Giant Frosty Bear. The Beast Soul Has Not Been Acquired. The Flesh Of This Creature Is Inedible, But You May Harvest Its Life Geno Essence. Consume Its Life Geno Essence To Obtain A Random Numeric Amount Of Super Geno Points, Ranging From Zero To Ten.",beast_soul_result,likely
converted/Super Gene/chapters/1527-chapter-1526-getting-super-geno-points.md,1527,Chapter 1526 - Getting Super Geno Points,60,Super Geno Essence absorbed. Super geno points +1.,super geno essence absorbed. super geno points +1.,,,0.30000000000000004,0.8249,1.0,0.6885,Life Geno Essence absorbed. Super Geno Points +1.,life_essence,likely
converted/Super Gene/chapters/2299-chapter-2298-deified-speed.md,2299,Chapter 2298 - Deified Speed,62,Successful infusion of deified gene. Deified gene +1. Deified progress is 1 out of 100.,successful infusion of deified gene. deified gene +1. deified progress is 1 out of 100.,,,0.30000000000000004,0.8304,0.9545,0.6862,Successful infusion of deified gene. Deified gene +1. Deified progress is 1/100.,geno_point_gain,likely
converted/Super Gene/chapters/1347-chapter-1346-jade-snail.md,1347,Chapter 1346 - Jade Snail,54,Ordinary Creature Jade Snail killed. No beast soul gained. Geno Core destroyed. Consume its flesh to gain zero to ten ordinary geno points randomly.,ordinary creature jade snail killed. no beast soul gained. geno core destroyed. consume its flesh to gain zero to ten ordinary geno points randomly.,,,0.85,0.5396,0.9541,0.6825,Ordinary Creature Tree Crab Killed. No Beast Soul Gained. Consume Its Flesh To Gain Zero To Ten Ordinary Geno Points Randomly.,beast_soul_result,likely
converted/Super Gene/chapters/1176-chapter-1175-mystic-paper.md,1176,Chapter 1175 - Mystic Paper,22,Super Geno Essence absorbed: super geno points +1.,super geno essence absorbed: super geno points +1.,,,0.30000000000000004,0.8249,0.9157,0.6783,Life Geno Essence absorbed. Super Geno Points +1.,life_essence,likely
converted/Super Gene/chapters/1191-chapter-1190-asura-betrayal.md,1191,Chapter 1190 - Asura Betrayal,52,Super Geno Essence absorbed: super geno points +1.,super geno essence absorbed: super geno points +1.,,,0.30000000000000004,0.8249,0.9157,0.6783,Life Geno Essence absorbed. Super Geno Points +1.,life_essence,likely
converted/Super Gene/chapters/1397-chapter-1396-attacking-a-spirit.md,1397,Chapter 1396 - Attacking a Spirit,68,Mutant Creature Wind Camel killed. No beast soul gained. Geno Core destroyed. Consume its flesh to gain zero to ten mutant geno points randomly.,mutant creature wind camel killed. no beast soul gained. geno core destroyed. consume its flesh to gain zero to ten mutant geno points randomly.,,,0.85,0.5224,0.9533,0.6724,Mutant Creature Thorn Bug Killed. No Beast Soul Gained. Consume Its Flesh To Gain Zero To Ten Mutant Geno Points Randomly.,beast_soul_result,likely
converted/Super Gene/chapters/1347-chapter-1346-jade-snail.md,1347,Chapter 1346 - Jade Snail,82,Ordinary Creature Jade Snail killed. Beast soul gained. Bronze Geno Core received: Jade Snail Shell. Consume its flesh to gain zero to ten ordinary geno points randomly.,ordinary creature jade snail killed. beast soul gained. bronze geno core received: jade snail shell. consume its flesh to gain zero to ten ordinary geno points randomly.,,,0.85,0.5177,0.9318,0.6671,Ordinary Creature Soil Lotus Killed. No Beast Soul Gained. Bronze Geno Core Received: Dust Bug. Consume Its Flesh to Gain Zero to Ten Ordinary Geno Points Randomly.,beast_soul_result,likely
converted/Super Gene/chapters/1216-chapter-1215-equinox-hellpool.md,1216,Chapter 1215 - Equinox Hellpool,52,Super Geno Essence Absorbed; Super Geno Point +1.,super geno essence absorbed; super geno point +1.,,,0.2,0.8344,1.0,0.664,Life Geno Essence Absorbed; Super Geno Point +1.,life_essence,likely
converted/Super Gene/chapters/1348-chapter-1347-spare-my-life-please.md,1348,"Chapter 1347 - Spare My Life, Please",50,Ordinary Creature Snake Bug killed. No beast soul gained. Geno Core unobtained. Consume its flesh gain zero to ten ordinary geno points randomly.,ordinary creature snake bug killed. no beast soul gained. geno core unobtained. consume its flesh gain zero to ten ordinary geno points randomly.,,,1.0,0.4302,0.9541,0.664,Ordinary Creature Tree Crab Killed. No Beast Soul Gained. Consume Its Flesh To Gain Zero To Ten Ordinary Geno Points Randomly.,beast_soul_result,likely
converted/Super Gene/chapters/2475-chapter-2474-herd-of-unicorns.md,2475,Chapter 2474 - Herd of Unicorns,26,Xenogeneic Duke hunted. Xenogeneic gene found.,xenogeneic duke hunted. xenogeneic gene found.,,,0.30000000000000004,0.7708,1.0,0.6571,Xenogeneic Duke hunted. Xenogeneic gene found. Obtained beast soul.,xenogeneic_gene,likely
converted/Super Gene/chapters/1376-chapter-1375-messy-situation.md,1376,Chapter 1375 - Messy Situation,20,Mutant Creature Wind Unicorn killed. Beast soul gained. Geno Core destroyed. Consume its flesh to gain zero to ten mutant geno points randomly.,mutant creature wind unicorn killed. beast soul gained. geno core destroyed. consume its flesh to gain zero to ten mutant geno points randomly.,,,0.85,0.4902,0.9252,0.6503,Mutant Creature Gold-Talon Wolf Killed. Beast Soul Gained. Consume Its Flesh To Gain Zero To Ten Mutant Geno Points Randomly.,beast_soul_result,likely
